G21         ; Set units to mm
G90         ; Absolute positioning
G1 Z3.04 F2540      ; Move to clearance level

;
; Operation:    0
; Name:         
; Type:         Engrave
; Paths:        20
; Direction:    Conventional
; Cut Depth:    3.175
; Pass Depth:   3.175
; Plunge rate:  127
; Cut rate:     1016
;

; Path 0
; Rapid to initial position
G1 X245.8702 Y-183.2511 F2540
G1 Z0.5000
; plunge
G1 Z-2.6750 F127
; cut
G1 X157.9095 Y-183.3712 F1016
G1 X157.8839 Y-183.3758
G1 X157.7241 Y-183.4109
G1 X157.5669 Y-183.4482
G1 X157.4117 Y-183.4878
G1 X157.2585 Y-183.5300
G1 X157.1076 Y-183.5744
G1 X156.9585 Y-183.6217
G1 X156.8115 Y-183.6715
G1 X156.6662 Y-183.7238
G1 X156.5227 Y-183.7787
G1 X156.3807 Y-183.8363
G1 X156.2402 Y-183.8968
G1 X156.1013 Y-183.9603
G1 X155.9639 Y-184.0263
G1 X155.8275 Y-184.0954
G1 X155.6926 Y-184.1675
G1 X155.5587 Y-184.2425
G1 X155.4259 Y-184.3207
G1 X155.2938 Y-184.4020
G1 X155.1628 Y-184.4863
G1 X155.0325 Y-184.5739
G1 X154.9029 Y-184.6649
G1 X154.7741 Y-184.7591
G1 X154.6456 Y-184.8566
G1 X154.5179 Y-184.9575
G1 X154.3901 Y-185.0619
G1 X154.2628 Y-185.1698
G1 X154.1358 Y-185.2813
G1 X154.0088 Y-185.3964
G1 X153.8818 Y-185.5150
G1 X153.7548 Y-185.6374
G1 X153.6276 Y-185.7637
G1 X153.5001 Y-185.8935
G1 X153.4025 Y-185.9956
G1 X153.3075 Y-186.0964
G1 X153.2153 Y-186.1962
G1 X153.1262 Y-186.2953
G1 X153.0393 Y-186.3933
G1 X152.9552 Y-186.4909
G1 X152.8737 Y-186.5876
G1 X152.7947 Y-186.6839
G1 X152.7180 Y-186.7797
G1 X152.6438 Y-186.8749
G1 X152.5720 Y-186.9702
G1 X152.5024 Y-187.0649
G1 X152.4351 Y-187.1599
G1 X152.3698 Y-187.2546
G1 X152.3068 Y-187.3494
G1 X152.2458 Y-187.4444
G1 X152.1869 Y-187.5394
G1 X152.1297 Y-187.6349
G1 X152.0746 Y-187.7309
G1 X152.0213 Y-187.8274
G1 X151.9697 Y-187.9242
G1 X151.9199 Y-188.0220
G1 X151.8719 Y-188.1203
G1 X151.8255 Y-188.2196
G1 X151.7805 Y-188.3197
G1 X151.7371 Y-188.4208
G1 X151.6951 Y-188.5231
G1 X151.6548 Y-188.6265
G1 X151.6154 Y-188.7314
G1 X151.5775 Y-188.8376
G1 X151.5410 Y-188.9450
G1 X151.3868 Y-189.4235
G1 X151.3622 Y-189.5112
G1 X151.3449 Y-189.5798
G1 X151.3210 Y-189.6900
G1 X151.3086 Y-189.7568
G1 X151.2946 Y-189.8434
G1 X151.2715 Y-190.0250
G1 X151.2527 Y-190.2214
G1 X151.2319 Y-190.5320
G1 X151.2143 Y-190.9176
G1 X151.1991 Y-191.4327
G1 X151.1864 Y-192.1182
G1 X151.1745 Y-193.2831
G1 X151.1656 Y-195.3920
G1 X151.1623 Y-209.6054
G1 X151.1686 Y-213.7095
G1 X151.1775 Y-215.1809
G1 X151.1912 Y-216.2551
G1 X151.2034 Y-216.8063
G1 X151.2212 Y-217.3194
G1 X151.2418 Y-217.6970
G1 X151.2590 Y-217.9170
G1 X151.2766 Y-218.0854
G1 X151.2938 Y-218.2152
G1 X151.3055 Y-218.2884
G1 X151.3228 Y-218.3821
G1 X151.3500 Y-218.5027
G1 X151.3769 Y-218.6026
G1 X151.3995 Y-218.6772
G1 X151.5488 Y-219.1271
G1 X151.5887 Y-219.2414
G1 X151.6296 Y-219.3539
G1 X151.6718 Y-219.4646
G1 X151.7152 Y-219.5739
G1 X151.7602 Y-219.6813
G1 X151.8061 Y-219.7872
G1 X151.8539 Y-219.8916
G1 X151.9032 Y-219.9950
G1 X151.9542 Y-220.0974
G1 X152.0071 Y-220.1987
G1 X152.0614 Y-220.2990
G1 X152.1178 Y-220.3986
G1 X152.1762 Y-220.4977
G1 X152.2367 Y-220.5960
G1 X152.2992 Y-220.6940
G1 X152.3639 Y-220.7918
G1 X152.4310 Y-220.8893
G1 X152.5003 Y-220.9871
G1 X152.5722 Y-221.0846
G1 X152.6466 Y-221.1824
G1 X152.7233 Y-221.2805
G1 X152.8031 Y-221.3790
G1 X152.8854 Y-221.4783
G1 X152.9705 Y-221.5782
G1 X153.0586 Y-221.6788
G1 X153.1496 Y-221.7801
G1 X153.2438 Y-221.8827
G1 X153.3408 Y-221.9863
G1 X153.4414 Y-222.0913
G1 X153.5450 Y-222.1974
G1 X153.6522 Y-222.3054
G1 X153.7813 Y-222.4326
G1 X153.9098 Y-222.5561
G1 X154.0375 Y-222.6757
G1 X154.1648 Y-222.7913
G1 X154.2915 Y-222.9030
G1 X154.4180 Y-223.0110
G1 X154.5440 Y-223.1154
G1 X154.6700 Y-223.2160
G1 X154.7957 Y-223.3130
G1 X154.9215 Y-223.4065
G1 X155.0474 Y-223.4966
G1 X155.1734 Y-223.5830
G1 X155.2997 Y-223.6660
G1 X155.4264 Y-223.7458
G1 X155.5537 Y-223.8223
G1 X155.6812 Y-223.8957
G1 X155.8094 Y-223.9655
G1 X155.9385 Y-224.0323
G1 X156.0685 Y-224.0961
G1 X156.1993 Y-224.1570
G1 X156.3309 Y-224.2147
G1 X156.4640 Y-224.2696
G1 X156.5981 Y-224.3214
G1 X156.7335 Y-224.3704
G1 X156.8701 Y-224.4169
G1 X157.0083 Y-224.4603
G1 X157.1483 Y-224.5012
G1 X157.2898 Y-224.5396
G1 X157.4330 Y-224.5751
G1 X157.5780 Y-224.6084
G1 X157.7251 Y-224.6391
G1 X157.8767 Y-224.6678
G1 X157.8996 Y-224.6699
G1 X158.0088 Y-224.6742
G1 X158.6106 Y-224.6843
G1 X170.0322 Y-224.7321
G1 X224.9322 Y-224.7730
G1 X271.1994 Y-224.7270
G1 X275.0548 Y-224.7130
G1 X277.6334 Y-224.6975
G1 X278.6405 Y-224.6859
G1 X278.9212 Y-224.6790
G1 X278.9812 Y-224.6754
G1 X278.9870 Y-224.6747
G1 X279.1869 Y-224.6371
G1 X279.3845 Y-224.5947
G1 X279.5801 Y-224.5472
G1 X279.7736 Y-224.4949
G1 X279.9654 Y-224.4372
G1 X280.1554 Y-224.3747
G1 X280.3436 Y-224.3069
G1 X280.5306 Y-224.2340
G1 X280.7160 Y-224.1558
G1 X280.8999 Y-224.0722
G1 X281.0827 Y-223.9833
G1 X281.2646 Y-223.8891
G1 X281.4455 Y-223.7892
G1 X281.6255 Y-223.6841
G1 X281.8046 Y-223.5733
G1 X281.9832 Y-223.4570
G1 X282.0421 Y-223.4164
G1 X282.1056 Y-223.3696
G1 X282.1739 Y-223.3171
G1 X282.2466 Y-223.2591
G1 X282.3228 Y-223.1964
G1 X282.4025 Y-223.1288
G1 X282.4856 Y-223.0570
G1 X282.5712 Y-222.9813
G1 X282.6591 Y-222.9020
G1 X282.7492 Y-222.8195
G1 X282.8409 Y-222.7341
G1 X282.9336 Y-222.6465
G1 X283.0276 Y-222.5568
G1 X283.1219 Y-222.4654
G1 X283.2163 Y-222.3727
G1 X283.3106 Y-222.2790
G1 X283.4043 Y-222.1847
G1 X283.4970 Y-222.0902
G1 X283.5885 Y-221.9960
G1 X283.6781 Y-221.9023
G1 X283.7658 Y-221.8093
G1 X283.8511 Y-221.7176
G1 X283.9334 Y-221.6277
G1 X284.0126 Y-221.5396
G1 X284.0883 Y-221.4540
G1 X284.1602 Y-221.3712
G1 X284.2278 Y-221.2914
G1 X284.2908 Y-221.2149
G1 X284.3487 Y-221.1426
G1 X284.4013 Y-221.0742
G1 X284.4480 Y-221.0105
G1 X284.4886 Y-220.9518
G1 X284.5641 Y-220.8367
G1 X284.6372 Y-220.7214
G1 X284.7083 Y-220.6056
G1 X284.7769 Y-220.4895
G1 X284.8435 Y-220.3729
G1 X284.9077 Y-220.2558
G1 X284.9697 Y-220.1382
G1 X285.0294 Y-220.0201
G1 X285.0868 Y-219.9018
G1 X285.1422 Y-219.7826
G1 X285.1953 Y-219.6630
G1 X285.2461 Y-219.5429
G1 X285.2948 Y-219.4222
G1 X285.3413 Y-219.3008
G1 X285.3858 Y-219.1789
G1 X285.5194 Y-218.7895
G1 X285.5587 Y-218.6673
G1 X285.5849 Y-218.5769
G1 X285.5973 Y-218.5299
G1 X285.6260 Y-218.4044
G1 X285.6520 Y-218.2627
G1 X285.6662 Y-218.1669
G1 X285.6855 Y-218.0054
G1 X285.6956 Y-217.9046
G1 X285.7104 Y-217.7250
G1 X285.7297 Y-217.4067
G1 X285.7447 Y-217.0549
G1 X285.7632 Y-216.3796
G1 X285.7741 Y-215.7385
G1 X285.7851 Y-214.6447
G1 X285.7944 Y-212.3895
G1 X285.7978 Y-206.4502
G1 X285.7975 Y-201.9203
G1 X285.7978 Y-199.4934
G1 X285.7911 Y-194.5343
G1 X285.7825 Y-193.0867
G1 X285.7718 Y-192.1645
G1 X285.7561 Y-191.3829
G1 X285.7406 Y-190.9049
G1 X285.7216 Y-190.5150
G1 X285.7081 Y-190.3133
G1 X285.6911 Y-190.1162
G1 X285.6763 Y-189.9821
G1 X285.6629 Y-189.8787
G1 X285.6433 Y-189.7548
G1 X285.6106 Y-189.5927
G1 X285.5895 Y-189.5076
G1 X285.5669 Y-189.4271
G1 X285.5318 Y-189.3151
G1 X285.4244 Y-189.0004
G1 X285.3774 Y-188.8650
G1 X285.3261 Y-188.7276
G1 X285.2707 Y-188.5887
G1 X285.2118 Y-188.4484
G1 X285.1495 Y-188.3080
G1 X285.0840 Y-188.1673
G1 X285.0159 Y-188.0273
G1 X284.9451 Y-187.8884
G1 X284.8719 Y-187.7507
G1 X284.7967 Y-187.6153
G1 X284.7200 Y-187.4825
G1 X284.6415 Y-187.3529
G1 X284.5620 Y-187.2267
G1 X284.4815 Y-187.1048
G1 X284.4002 Y-186.9874
G1 X284.3185 Y-186.8754
G1 X284.2153 Y-186.7433
G1 X284.0949 Y-186.5991
G1 X283.9596 Y-186.4451
G1 X283.8112 Y-186.2831
G1 X283.6522 Y-186.1155
G1 X283.4848 Y-185.9443
G1 X283.3113 Y-185.7715
G1 X283.1341 Y-185.5996
G1 X282.9547 Y-185.4304
G1 X282.7762 Y-185.2663
G1 X282.6001 Y-185.1091
G1 X282.4292 Y-184.9613
G1 X282.2654 Y-184.8246
G1 X282.1112 Y-184.7017
G1 X281.9684 Y-184.5942
G1 X281.8397 Y-184.5046
G1 X281.7391 Y-184.4391
G1 X281.6377 Y-184.3753
G1 X281.5356 Y-184.3136
G1 X281.4328 Y-184.2536
G1 X281.3294 Y-184.1955
G1 X281.2252 Y-184.1393
G1 X281.1203 Y-184.0847
G1 X281.0144 Y-184.0321
G1 X280.9080 Y-183.9813
G1 X280.8006 Y-183.9323
G1 X280.6924 Y-183.8851
G1 X280.5834 Y-183.8396
G1 X280.4734 Y-183.7959
G1 X280.3627 Y-183.7540
G1 X280.2512 Y-183.7136
G1 X280.1386 Y-183.6753
G1 X280.0251 Y-183.6387
G1 X279.9105 Y-183.6039
G1 X279.7952 Y-183.5709
G1 X279.6789 Y-183.5394
G1 X279.5615 Y-183.5099
G1 X279.4432 Y-183.4820
G1 X279.3235 Y-183.4558
G1 X279.2031 Y-183.4314
G1 X279.0817 Y-183.4086
G1 X278.9591 Y-183.3877
G1 X278.8354 Y-183.3684
G1 X278.7106 Y-183.3507
G1 X278.5847 Y-183.3349
G1 X278.4577 Y-183.3207
G1 X278.3294 Y-183.3082
G1 X278.1671 Y-183.2955
G1 X278.0703 Y-183.2930
G1 X277.7112 Y-183.2882
G1 X276.3733 Y-183.2795
G1 X245.8702 Y-183.2511
G1 X245.8702 Y-183.2511
; Retract
G1 Z3.0400 F2540

; Path 1
; Rapid to initial position
G1 X246.0849 Y-185.2785 F2540
G1 Z0.5000
; plunge
G1 Z-2.6750 F127
; cut
G1 X277.5593 Y-185.3250 F1016
G1 X277.7117 Y-185.3286
G1 X277.7808 Y-185.3311
G1 X277.8143 Y-185.3331
G1 X277.8255 Y-185.3344
G1 X277.9718 Y-185.3568
G1 X278.1176 Y-185.3822
G1 X278.2631 Y-185.4106
G1 X278.4079 Y-185.4421
G1 X278.5521 Y-185.4766
G1 X278.6957 Y-185.5142
G1 X278.8384 Y-185.5546
G1 X278.9801 Y-185.5978
G1 X279.1211 Y-185.6440
G1 X279.2608 Y-185.6930
G1 X279.3995 Y-185.7446
G1 X279.5372 Y-185.7990
G1 X279.6733 Y-185.8561
G1 X279.8082 Y-185.9158
G1 X279.9415 Y-185.9780
G1 X280.0734 Y-186.0431
G1 X280.2037 Y-186.1104
G1 X280.3322 Y-186.1802
G1 X280.4589 Y-186.2524
G1 X280.5839 Y-186.3270
G1 X280.7068 Y-186.4040
G1 X280.8277 Y-186.4832
G1 X280.9466 Y-186.5648
G1 X281.0634 Y-186.6486
G1 X281.1777 Y-186.7345
G1 X281.2898 Y-186.8226
G1 X281.3995 Y-186.9128
G1 X281.5067 Y-187.0050
G1 X281.6111 Y-187.0992
G1 X281.7129 Y-187.1955
G1 X281.8120 Y-187.2938
G1 X281.9083 Y-187.3938
G1 X282.0045 Y-187.4982
G1 X282.0985 Y-187.6047
G1 X282.1899 Y-187.7129
G1 X282.2791 Y-187.8228
G1 X282.3657 Y-187.9346
G1 X282.4503 Y-188.0479
G1 X282.5323 Y-188.1629
G1 X282.6118 Y-188.2798
G1 X282.6890 Y-188.3981
G1 X282.7637 Y-188.5183
G1 X282.8361 Y-188.6397
G1 X282.9060 Y-188.7629
G1 X282.9735 Y-188.8876
G1 X283.0385 Y-189.0138
G1 X283.1010 Y-189.1416
G1 X283.1610 Y-189.2706
G1 X283.2184 Y-189.4012
G1 X283.2735 Y-189.5333
G1 X283.3258 Y-189.6666
G1 X283.3756 Y-189.8012
G1 X283.4231 Y-189.9371
G1 X283.4678 Y-190.0745
G1 X283.5100 Y-190.2132
G1 X283.5496 Y-190.3529
G1 X283.5867 Y-190.4942
G1 X283.6210 Y-190.6364
G1 X283.6527 Y-190.7797
G1 X283.6819 Y-190.9242
G1 X283.7083 Y-191.0700
G1 X283.7322 Y-191.2168
G1 X283.7533 Y-191.3646
G1 X283.7729 Y-191.5229
G1 X283.7777 Y-191.5912
G1 X283.7830 Y-191.7207
G1 X283.7950 Y-192.2709
G1 X283.8077 Y-193.5838
G1 X283.8176 Y-196.4400
G1 X283.8191 Y-199.8746
G1 X283.8150 Y-203.6427
G1 X283.7937 Y-212.6323
G1 X283.7751 Y-215.2658
G1 X283.7619 Y-216.0740
G1 X283.7480 Y-216.5462
G1 X283.7327 Y-216.8413
G1 X283.7236 Y-216.9551
G1 X283.7050 Y-217.1088
G1 X283.6979 Y-217.1504
G1 X283.6880 Y-217.1977
G1 X283.6560 Y-217.3346
G1 X283.6222 Y-217.4700
G1 X283.5864 Y-217.6038
G1 X283.5491 Y-217.7362
G1 X283.5100 Y-217.8667
G1 X283.4691 Y-217.9958
G1 X283.4264 Y-218.1230
G1 X283.3820 Y-218.2490
G1 X283.3357 Y-218.3732
G1 X283.2877 Y-218.4959
G1 X283.2377 Y-218.6168
G1 X283.1861 Y-218.7364
G1 X283.1328 Y-218.8543
G1 X283.0777 Y-218.9706
G1 X283.0205 Y-219.0854
G1 X282.9618 Y-219.1987
G1 X282.9011 Y-219.3105
G1 X282.8389 Y-219.4204
G1 X282.7746 Y-219.5292
G1 X282.7086 Y-219.6361
G1 X282.6408 Y-219.7415
G1 X282.5712 Y-219.8456
G1 X282.4998 Y-219.9480
G1 X282.4267 Y-220.0488
G1 X282.3517 Y-220.1481
G1 X282.2748 Y-220.2462
G1 X282.1960 Y-220.3425
G1 X282.1158 Y-220.4372
G1 X282.0335 Y-220.5307
G1 X281.9491 Y-220.6224
G1 X281.8633 Y-220.7128
G1 X281.7757 Y-220.8014
G1 X281.6901 Y-220.8847
G1 X281.6035 Y-220.9663
G1 X281.5158 Y-221.0463
G1 X281.4267 Y-221.1243
G1 X281.3362 Y-221.2005
G1 X281.2448 Y-221.2749
G1 X281.1518 Y-221.3478
G1 X281.0576 Y-221.4189
G1 X280.9618 Y-221.4883
G1 X280.8648 Y-221.5561
G1 X280.7663 Y-221.6221
G1 X280.6662 Y-221.6866
G1 X280.5646 Y-221.7494
G1 X280.4615 Y-221.8106
G1 X280.3568 Y-221.8703
G1 X280.2506 Y-221.9284
G1 X280.1427 Y-221.9851
G1 X280.0332 Y-222.0399
G1 X279.9217 Y-222.0935
G1 X279.8087 Y-222.1456
G1 X279.6939 Y-222.1962
G1 X279.5773 Y-222.2452
G1 X279.4589 Y-222.2927
G1 X279.3385 Y-222.3389
G1 X279.2164 Y-222.3836
G1 X279.0924 Y-222.4270
G1 X278.9662 Y-222.4689
G1 X278.8382 Y-222.5096
G1 X278.7081 Y-222.5490
G1 X278.5760 Y-222.5868
G1 X278.4419 Y-222.6234
G1 X278.2438 Y-222.6696
G1 X278.0993 Y-222.6821
G1 X277.9720 Y-222.6887
G1 X277.6497 Y-222.6993
G1 X276.2164 Y-222.7207
G1 X190.0728 Y-222.7768
G1 X158.9712 Y-222.7016
G1 X158.7569 Y-222.6620
G1 X158.5422 Y-222.6153
G1 X158.3281 Y-222.5617
G1 X158.1145 Y-222.5015
G1 X157.9021 Y-222.4347
G1 X157.6911 Y-222.3615
 G1 X157.4823 Y-222.2820
G1 X157.2755 Y-222.1967
G1 X157.0716 Y-222.1055
G1 X156.8709 Y-222.0087
G1 X156.6738 Y-221.9063
G1 X156.4805 Y-221.7989
G1 X156.2915 Y-221.6861
G1 X156.1076 Y-221.5683
G1 X155.9286 Y-221.4458
G1 X155.7553 Y-221.3188
G1 X155.6497 Y-221.2368
G1 X155.5460 Y-221.1522
G1 X155.4442 Y-221.0653
G1 X155.3441 Y-220.9759
G1 X155.2461 Y-220.8842
G1 X155.1501 Y-220.7900
G1 X155.0556 Y-220.6937
G1 X154.9634 Y-220.5949
G1 X154.8729 Y-220.4938
G1 X154.7846 Y-220.3905
G1 X154.6982 Y-220.2848
G1 X154.6136 Y-220.1771
G1 X154.5311 Y-220.0669
G1 X154.4505 Y-219.9546
G1 X154.3721 Y-219.8400
G1 X154.2956 Y-219.7232
G1 X154.2212 Y-219.6043
G1 X154.1488 Y-219.4834
G1 X154.0784 Y-219.3602
G1 X154.0101 Y-219.2348
G1 X153.9438 Y-219.1075
G1 X153.8795 Y-218.9780
G1 X153.8176 Y-218.8464
G1 X153.7576 Y-218.7128
G1 X153.7000 Y-218.5772
G1 X153.6441 Y-218.4397
G1 X153.5908 Y-218.3000
G1 X153.5392 Y-218.1586
G1 X153.4902 Y-218.0148
G1 X153.4429 Y-217.8695
G1 X153.3982 Y-217.7219
G1 X153.3555 Y-217.5728
G1 X153.1922 Y-216.9841
G1 X153.1686 Y-201.4355
G1 X153.1668 Y-198.1652
G1 X153.1709 Y-194.9397
G1 X153.1798 Y-193.1464
G1 X153.1892 Y-192.2610
G1 X153.1958 Y-191.8797
G1 X153.2085 Y-191.4378
G1 X153.2141 Y-191.3225
G1 X153.2199 Y-191.2358
G1 X153.2263 Y-191.1764
G1 X153.2451 Y-191.0570
G1 X153.2684 Y-190.9300
G1 X153.2966 Y-190.7967
G1 X153.3289 Y-190.6580
G1 X153.3647 Y-190.5155
G1 X153.4041 Y-190.3700
G1 X153.4465 Y-190.2229
G1 X153.4914 Y-190.0751
G1 X153.5387 Y-189.9282
G1 X153.5880 Y-189.7830
G1 X153.6388 Y-189.6410
G1 X153.6908 Y-189.5031
G1 X153.7434 Y-189.3705
G1 X153.7965 Y-189.2447
G1 X153.8498 Y-189.1266
G1 X153.9027 Y-189.0174
G1 X153.9888 Y-188.8523
G1 X154.0782 Y-188.6908
G1 X154.1714 Y-188.5325
G1 X154.2682 Y-188.3778
G1 X154.3682 Y-188.2262
G1 X154.4721 Y-188.0784
G1 X154.5796 Y-187.9336
G1 X154.6906 Y-187.7926
G1 X154.8049 Y-187.6549
G1 X154.9227 Y-187.5206
G1 X155.0441 Y-187.3900
G1 X155.1691 Y-187.2628
G1 X155.2974 Y-187.1388
G1 X155.4292 Y-187.0187
G1 X155.5643 Y-186.9018
G1 X155.7030 Y-186.7888
G1 X155.8450 Y-186.6791
G1 X155.9905 Y-186.5729
G1 X156.1391 Y-186.4705
G1 X156.2913 Y-186.3715
G1 X156.4467 Y-186.2762
G1 X156.6055 Y-186.1845
G1 X156.7675 Y-186.0964
G1 X156.9329 Y-186.0118
G1 X157.1015 Y-185.9310
G1 X157.2735 Y-185.8538
G1 X157.4488 Y-185.7802
G1 X157.6271 Y-185.7103
G1 X157.8087 Y-185.6440
G1 X157.9936 Y-185.5815
G1 X158.1815 Y-185.5229
G1 X158.3728 Y-185.4678
G1 X158.9753 Y-185.3014
G1 X246.0849 Y-185.2785
G1 X246.0849 Y-185.2785
; Retract
G1 Z3.0400 F2540

; Path 2
; Rapid to initial position
G1 X254.9263 Y-183.4312 F2540
G1 Z0.5000
; plunge
G1 Z-2.6750 F127
; cut
G1 X277.7139 Y-183.4761 F1016
G1 X278.1435 Y-183.4840
G1 X278.5290 Y-183.4952
G1 X278.7680 Y-183.5081
G1 X278.8770 Y-183.5201
G1 X279.0198 Y-183.5442
G1 X279.1605 Y-183.5706
G1 X279.2994 Y-183.5993
G1 X279.4368 Y-183.6303
G1 X279.5727 Y-183.6633
G1 X279.7068 Y-183.6989
G1 X279.8394 Y-183.7365
G1 X279.9705 Y-183.7766
G1 X280.1000 Y-183.8190
G1 X280.2283 Y-183.8640
G1 X280.3553 Y-183.9112
G1 X280.4810 Y-183.9610
G1 X280.6055 Y-184.0133
G1 X280.7289 Y-184.0682
G1 X280.8511 Y-184.1254
G1 X280.9723 Y-184.1853
G1 X281.0927 Y-184.2478
G1 X281.2118 Y-184.3131
G1 X281.3301 Y-184.3809
G1 X281.4477 Y-184.4512
G1 X281.5646 Y-184.5244
G1 X281.6807 Y-184.6003
G1 X281.7960 Y-184.6791
G1 X281.9110 Y-184.7606
G1 X282.0251 Y-184.8447
G1 X282.1389 Y-184.9321
G1 X282.2522 Y-185.0220
G1 X282.3652 Y-185.1149
G1 X282.4777 Y-185.2107
G1 X282.5902 Y-185.3095
G1 X282.7023 Y-185.4114
G1 X282.8143 Y-185.5163
G1 X282.9570 Y-185.6532
G1 X283.0949 Y-185.7878
G1 X283.2278 Y-185.9204
G1 X283.3558 Y-186.0507
G1 X283.4792 Y-186.1795
G1 X283.5981 Y-186.3062
G1 X283.7127 Y-186.4317
G1 X283.8226 Y-186.5559
G1 X283.9283 Y-186.6788
G1 X284.0299 Y-186.8005
G1 X284.1277 Y-186.9216
G1 X284.2212 Y-187.0420
G1 X284.3111 Y-187.1619
G1 X284.3972 Y-187.2813
G1 X284.4797 Y-187.4007
G1 X284.5587 Y-187.5198
G1 X284.6342 Y-187.6392
G1 X284.7066 Y-187.7588
G1 X284.7757 Y-187.8792
G1 X284.8417 Y-187.9999
G1 X284.9047 Y-188.1215
G1 X284.9649 Y-188.2440
G1 X285.0223 Y-188.3677
G1 X285.0769 Y-188.4929
G1 X285.1292 Y-188.6191
G1 X285.1790 Y-188.7474
G1 X285.2263 Y-188.8772
G1 X285.2715 Y-189.0090
G1 X285.3146 Y-189.1429
G1 X285.3558 Y-189.2790
G1 X285.3949 Y-189.4177
G1 X285.4518 Y-189.6367
G1 X285.4805 Y-189.7570
G1 X285.5090 Y-189.8934
G1 X285.5405 Y-190.0839
G1 X285.5610 Y-190.2468
G1 X285.5778 Y-190.4180
G1 X285.5900 Y-190.5742
G1 X285.6088 Y-190.8970
G1 X285.6296 Y-191.4576
G1 X285.6454 Y-192.1899
G1 X285.6586 Y-193.3545
G1 X285.6667 Y-195.1098
G1 X285.6687 Y-198.0339
G1 X285.6476 Y-211.6206
G1 X285.6337 Y-214.7367
G1 X285.6177 Y-216.1172
G1 X285.6027 Y-216.8091
G1 X285.5834 Y-217.3483
G1 X285.5641 Y-217.6925
G1 X285.5486 Y-217.8888
G1 X285.5250 Y-218.1070
G1 X285.5026 Y-218.2574
G1 X285.4803 Y-218.3742
G1 X285.4584 Y-218.4669
G1 X285.4284 Y-218.5736
G1 X285.4056 Y-218.6452
G1 X285.2847 Y-218.9914
G1 X285.2412 Y-219.1184
G1 X285.2009 Y-219.2304
G1 X285.1592 Y-219.3409
G1 X285.1160 Y-219.4496
G1 X285.0716 Y-219.5571
G1 X285.0256 Y-219.6633
G1 X284.9781 Y-219.7682
G1 X284.9288 Y-219.8718
G1 X284.8778 Y-219.9744
G1 X284.8249 Y-220.0763
G1 X284.7701 Y-220.1774
G1 X284.7134 Y-220.2777
G1 X284.6545 Y-220.3775
G1 X284.5938 Y-220.4771
G1 X284.5305 Y-220.5761
G1 X284.4653 Y-220.6747
G1 X284.3977 Y-220.7735
G1 X284.3276 Y-220.8721
G1 X284.2550 Y-220.9709
G1 X284.1798 Y-221.0699
G1 X284.1020 Y-221.1690
G1 X284.0215 Y-221.2688
G1 X283.9385 Y-221.3689
G1 X283.8524 Y-221.4700
G1 X283.7632 Y-221.5716
G1 X283.6713 Y-221.6739
G1 X283.5763 Y-221.7773
G1 X283.4780 Y-221.8820
G1 X283.3764 Y-221.9876
G1 X283.2717 Y-222.0946
G1 X283.1635 Y-222.2030
G1 X283.0520 Y-222.3130
G1 X282.9339 Y-222.4270
G1 X282.8176 Y-222.5373
G1 X282.7025 Y-222.6437
G1 X282.5890 Y-222.7461
G1 X282.4762 Y-222.8451
G1 X282.3644 Y-222.9404
G1 X282.2532 Y-223.0323
G1 X282.1427 Y-223.1210
G1 X282.0325 Y-223.2063
G1 X281.9225 Y-223.2884
G1 X281.8122 Y-223.3676
G1 X281.7020 Y-223.4435
G1 X281.5913 Y-223.5170
G1 X281.4803 Y-223.5876
G1 X281.3682 Y-223.6556
G1 X281.2555 Y-223.7209
G1 X281.1417 Y-223.7839
G1 X281.0264 Y-223.8446
G1 X280.9098 Y-223.9030
G1 X280.7917 Y-223.9592
G1 X280.6718 Y-224.0133
G1 X280.5499 Y-224.0656
G1 X280.4259 Y-224.1161
G1 X280.2994 Y-224.1647
G1 X280.1706 Y-224.2116
G1 X280.0391 Y-224.2574
G1 X279.9047 Y-224.3013
G1 X279.7673 Y-224.3440
G1 X279.6268 Y-224.3856
G1 X279.4828 Y-224.4260
G1 X279.3352 Y-224.4651
G1 X279.1178 Y-224.5152
G1 X278.9893 Y-224.5271
G1 X278.8836 Y-224.5332
G1 X278.7038 Y-224.5406
G1 X278.2326 Y-224.5525
G1 X194.0461 Y-224.6198
G1 X158.5138 Y-224.6043
G1 X158.3212 Y-224.5751
G1 X158.1330 Y-224.5436
G1 X157.9491 Y-224.5098
G1 X157.7696 Y-224.4738
G1 X157.5938 Y-224.4349
G1 X157.4216 Y-224.3935
G1 X157.2532 Y-224.3491
G1 X157.0881 Y-224.3021
G1 X156.9260 Y-224.2520
G1 X156.7670 Y-224.1989
G1 X156.6108 Y-224.1426
G1 X156.4569 Y-224.0829
G1 X156.3055 Y-224.0199
G1 X156.1564 Y-223.9536
G1 X156.0091 Y-223.8835
G1 X155.8635 Y-223.8098
G1 X155.7198 Y-223.7321
G1 X155.5770 Y-223.6508
G1 X155.4358 Y-223.5652
G1 X155.2953 Y-223.4758
G1 X155.1556 Y-223.3818
G1 X155.0165 Y-223.2838
G1 X154.8778 Y-223.1814
G1 X154.7393 Y-223.0745
G1 X154.6009 Y-222.9627
G1 X154.4622 Y-222.8464
G1 X154.3230 Y-222.7252
G1 X154.1833 Y-222.5990
G1 X154.0429 Y-222.4679
G1 X153.9011 Y-222.3318
G1 X153.7584 Y-222.1901
G1 X153.6144 Y-222.0432
G1 X153.5194 Y-221.9442
G1 X153.4269 Y-221.8464
G1 X153.3375 Y-221.7496
G1 X153.2506 Y-221.6536
G1 X153.1663 Y-221.5586
G1 X153.0845 Y-221.4644
G1 X153.0053 Y-221.3709
G1 X152.9286 Y-221.2779
G1 X152.8539 Y-221.1852
G1 X152.7818 Y-221.0933
G1 X152.7119 Y-221.0013
G1 X152.6443 Y-220.9099
G1 X152.5788 Y-220.8182
G1 X152.5153 Y-220.7268
G1 X152.4538 Y-220.6353
G1 X152.3942 Y-220.5436
G1 X152.3368 Y-220.4517
G1 X152.2809 Y-220.3595
G1 X152.2268 Y-220.2668
G1 X152.1747 Y-220.1736
G1 X152.1239 Y-220.0796
G1 X152.0749 Y-219.9851
G1 X152.0276 Y-219.8896
G1 X151.9814 Y-219.7933
G1 X151.9370 Y-219.6960
G1 X151.8938 Y-219.5975
G1 X151.8519 Y-219.4982
G1 X151.8112 Y-219.3973
G1 X151.7719 Y-219.2950
G1 X151.7335 Y-219.1913
G1 X151.6962 Y-219.0862
G1 X151.5646 Y-218.6976
G1 X151.5290 Y-218.5820
G1 X151.5082 Y-218.5055
G1 X151.4914 Y-218.4362
G1 X151.4732 Y-218.3493
G1 X151.4538 Y-218.2391
G1 X151.4427 Y-218.1631
G1 X151.4221 Y-217.9912
G1 X151.4056 Y-217.8093
G1 X151.3878 Y-217.5454
G1 X151.3700 Y-217.1636
G1 X151.3525 Y-216.5713
G1 X151.3413 Y-215.9744
G1 X151.3271 Y-214.5508
G1 X151.3190 Y-212.4537
G1 X151.3157 Y-204.9948
G1 X151.3274 Y-192.8597
G1 X151.3454 Y-191.2310
G1 X151.3655 Y-190.5991
G1 X151.3693 Y-190.5229
G1 X151.3876 Y-190.2803
G1 X151.3957 Y-190.2049
G1 X151.4203 Y-190.0420
G1 X151.4409 Y-189.9371
G1 X151.4711 Y-189.7944
G1 X151.5029 Y-189.6544
G1 X151.5367 Y-189.5168
G1 X151.5720 Y-189.3814
G1 X151.6093 Y-189.2485
G1 X151.6487 Y-189.1177
G1 X151.6901 Y-188.9890
G1 X151.7335 Y-188.8620
G1 X151.7790 Y-188.7367
G1 X151.8267 Y-188.6130
G1 X151.8770 Y-188.4909
G1 X151.9296 Y-188.3702
G1 X151.9845 Y-188.2508
G1 X152.0421 Y-188.1325
G1 X152.1023 Y-188.0149
G1 X152.1651 Y-187.8983
G1 X152.2306 Y-187.7827
G1 X152.2989 Y-187.6674
G1 X152.3700 Y-187.5526
G1 X152.4442 Y-187.4383
G1 X152.5214 Y-187.3240
G1 X152.6017 Y-187.2099
G1 X152.6850 Y-187.0959
G1 X152.7716 Y-186.9816
G1 X152.8618 Y-186.8670
G1 X152.9550 Y-186.7520
G1 X153.0518 Y-186.6364
G1 X153.1521 Y-186.5201
G1 X153.2557 Y-186.4032
G1 X153.3634 Y-186.2851
G1 X153.4747 Y-186.1663
G1 X153.5895 Y-186.0461
G1 X153.7144 Y-185.9183
G1 X153.8369 Y-185.7952
G1 X153.9578 Y-185.6763
G1 X154.0767 Y-185.5620
G1 X154.1943 Y-185.4518
G1 X154.3106 Y-185.3458
G1 X154.4256 Y-185.2437
G1 X154.5397 Y-185.1454
G1 X154.6532 Y-185.0507
G1 X154.7663 Y-184.9598
G1 X154.8788 Y-184.8724
G1 X154.9913 Y-184.7880
G1 X155.1041 Y-184.7073
G1 X155.2169 Y-184.6293
G1 X155.3301 Y-184.5544
G1 X155.4442 Y-184.4825
G1 X155.5593 Y-184.4131
G1 X155.6753 Y-184.3466
G1 X155.7924 Y-184.2823
G1 X155.9113 Y-184.2206
G1 X156.0317 Y-184.1609
G1 X156.1541 Y-184.1035
G1 X156.2786 Y-184.0481
G1 X156.4051 Y-183.9946
G1 X156.5344 Y-183.9427
G1 X156.6662 Y-183.8927
G1 X156.8008 Y-183.8439
G1 X156.9385 Y-183.7967
G1 X157.0794 Y-183.7505
G1 X157.2240 Y-183.7058
G1 X157.3723 Y-183.6618
G1 X157.5242 Y-183.6189
G1 X158.1137 Y-183.4561
G1 X218.1878 Y-183.4378
G1 X254.9263 Y-183.4312
G1 X254.9263 Y-183.4312
; Retract
G1 Z3.0400 F2540

; Path 3
; Rapid to initial position
G1 X273.7457 Y-181.0040 F2540
G1 Z0.5000
; plunge
G1 Z-2.6750 F127
; cut
G1 X276.2072 Y-180.9958 F1016
G1 X278.0271 Y-180.9859
G1 X278.8173 Y-180.9775
G1 X279.0127 Y-180.9730
G1 X279.0558 Y-180.9702
G1 X279.0584 Y-180.9694
G1 X279.0563 Y-180.9631
G1 X278.9723 Y-180.7926
G1 X278.4919 Y-179.8554
G1 X275.0007 Y-173.1261
G1 X259.4412 Y-143.2700
G1 X229.1022 Y-85.1840
G1 X222.7478 Y-73.0471
G1 X219.5739 Y-67.0077
G1 X219.0455 Y-66.0166
G1 X219.0036 Y-65.9435
G1 X219.0029 Y-65.9432
G1 X219.0029 Y-65.9432
G1 X219.0011 Y-65.9473
G1 X218.9963 Y-65.9948
G1 X218.9808 Y-66.6181
G1 X218.9262 Y-123.4844
G1 X218.9262 Y-181.0255
G1 X273.7457 Y-181.0040
; Retract
G1 Z3.0400 F2540

; Path 4
; Rapid to initial position
G1 X276.3309 Y-185.1617 F2540
G1 Z0.5000
; plunge
G1 Z-2.6750 F127
; cut
G1 X218.4636 Y-185.1170 F1016
G1 X218.4636 Y-185.1170
G1 X159.2829 Y-185.1170
G1 X158.6367 Y-185.2590
G1 X158.4775 Y-185.2955
G1 X158.3195 Y-185.3354
G1 X158.1630 Y-185.3781
G1 X158.0078 Y-185.4238
G1 X157.8539 Y-185.4726
G1 X157.7017 Y-185.5241
G1 X157.5511 Y-185.5785
c1 X157.4023 Y-185.6356
G1 X157.2550 Y-185.6958
G1 X157.1097 Y-185.7583
G1 X156.9664 Y-185.8239
G1 X156.8249 Y-185.8917
G1 X156.6855 Y-185.9623
G1 X156.5481 Y-186.0354
G1 X156.4129 Y-186.1111
G1 X156.2801 Y-186.1894
G1 X156.1495 Y-186.2699
G1 X156.0215 Y-186.3527
G1 X155.8958 Y-186.4380
G1 X155.7726 Y-186.5257
G1 X155.6522 Y-186.6153
G1 X155.5344 Y-186.7075
G1 X155.4190 Y-186.8015
G1 X155.3068 Y-186.8980
G1 X155.1973 Y-186.9963
G1 X155.0909 Y-187.0967
G1 X154.9875 Y-187.1993
G1 X154.8872 Y-187.3037
G1 X154.7899 Y-187.4098
G1 X154.6962 Y-187.5180
G1 X154.6055 Y-187.6280
G1 X154.5181 Y-187.7400
G1 X154.3916 Y-187.9115
G1 X154.2705 Y-188.0855
G1 X154.1546 Y-188.2623
G1 X154.0439 Y-188.4416
G1 X153.9385 Y-188.6240
G1 X153.8381 Y-188.8089
G1 X153.7432 Y-188.9968
G1 X153.6532 Y-189.1873
G1 X153.5687 Y-189.3811
G1 X153.4889 Y-189.5777
G1 X153.4145 Y-189.7774
G1 X153.3451 Y-189.9801
G1 X153.2806 Y-190.1858
G1 X153.2214 Y-190.3946
G1 X153.1671 Y-190.6067
G1 X153.1094 Y-190.8622
G1 X153.0861 Y-191.0118
G1 X153.0741 Y-191.1294
G1 X153.0589 Y-191.3618
G1 X153.0474 Y-191.6499
G1 X153.0353 Y-192.1673
G1 X153.0157 Y-194.5480
G1 X153.0078 Y-207.2787
G1 X153.0190 Y-214.3564
G1 X153.0398 Y-216.1637
G1 X153.0574 Y-216.6798
G1 X153.0650 Y-216.8159
G1 X153.0782 Y-216.9780
G1 X153.0899 Y-217.0793
G1 X153.1064 Y-217.1824
G1 X153.1224 Y-217.2607
G1 X153.1691 Y-217.4618
G1 X153.2197 Y-217.6597
G1 X153.2748 Y-217.8548
G1 X153.3340 Y-218.0471
G1 X153.3975 Y-218.2363
G1 X153.4653 Y-218.4227
G1 X153.5374 Y-218.6066
G1 X153.6139 Y-218.7880
G1 X153.6946 Y-218.9665
G1 X153.7800 Y-219.1426
G1 X153.8696 Y-219.3163
G1 X153.9639 Y-219.4878
G1 X154.0624 Y-219.6569
G1 X154.1658 Y-219.8238
G1 X154.2735 Y-219.9886
G1 X154.3860 Y-220.1515
G1 X154.4742 Y-220.2721
G1 X154.5664 Y-220.3912
G1 X154.6624 Y-220.5081
G1 X154.7622 Y-220.6231
G1 X154.8656 Y-220.7362
G1 X154.9723 Y-220.8472
G1 X155.0827 Y-220.9559
G1 X155.1963 Y-221.0625
G1 X155.3131 Y-221.1667
G1 X155.4330 Y-221.2688
G1 X155.5559 Y-221.3681
G1 X155.6819 Y-221.4654
G1 X155.8107 Y-221.5599
G1 X155.9423 Y-221.6518
G1 X156.0764 Y-221.7412
G1 X156.2130 Y-221.8279
G1 X156.3522 Y-221.9119
G1 X156.4937 Y-221.9930
G1 X156.6375 Y-222.0712
G1 X156.7835 Y-222.1464
G1 X156.9314 Y-222.2185
G1 X157.0815 Y-222.2878
G1 X157.2331 Y-222.3539
G1 X157.3868 Y-222.4169
G1 X157.5420 Y-222.4766
G1 X157.6989 Y-222.5330
G1 X157.8572 Y-222.5858
G1 X158.0167 Y-222.6353
G1 X158.1777 Y-222.6815
G1 X158.3398 Y-222.7240
G1 X158.5031 Y-222.7631
G1 X158.7838 Y-222.8157
G1 X159.0327 Y-222.8334
G1 X159.2130 Y-222.8408
G1 X159.7017 Y-222.8533
G1 X191.0946 Y-222.9038
G1 X218.6493 Y-222.9000
G1 X278.0772 Y-222.8898
G1 X278.6616 Y-222.7250
G1 X278.8704 Y-222.6633
G1 X279.0749 Y-222.5980
G1 X279.2750 Y-222.5289
G1 X279.4711 Y-222.4557
G1 X279.6631 Y-222.3788
G1 X279.8514 Y-222.2978
G1 X280.0358 Y-222.2124
G1 X280.2164 Y-222.1233
G1 X280.3931 Y-222.0298
G1 X280.5669 Y-221.9320
G1 X280.7368 Y-221.8299
G1 X280.9037 Y-221.7235
G1 X281.0675 Y-221.6127
G1 X281.2283 Y-221.4974
G1 X281.3860 Y-221.3775
G1 X281.5410 Y-221.2531
G1 X281.6471 Y-221.1629
G1 X281.7518 Y-221.0689
G1 X281.8547 Y-220.9711
G1 X281.9560 Y-220.8698
G1 X282.0556 Y-220.7649
G1 X282.1536 Y-220.6567
G1 X282.2494 Y-220.5449
G1 X282.3436 Y-220.4303
G1 X282.4356 Y-220.3125
G1 X282.5257 Y-220.1918
G1 X282.6136 Y-220.0684
G1 X282.6995 Y-219.9422
G1 X282.7830 Y-219.8134
G1 X282.8643 Y-219.6821
G1 X282.9430 Y-219.5485
G1 X283.0195 Y-219.4126
G1 X283.0934 Y-219.2746
G1 X283.1648 Y-219.1349
G1 X283.2336 Y-218.9932
G1 X283.2997 Y-218.8494
G1 X283.3632 Y-218.7044
G1 X283.4236 Y-218.5576
G1 X283.4813 Y-218.4095
G1 X283.5359 Y-218.2602
G1 X283.5877 Y-218.1095
G1 X283.6362 Y-217.9582
G1 X283.6819 Y-217.8055
G1 X283.7241 Y-217.6521
G1 X283.7632 Y-217.4979
G1 X283.7990 Y-217.3435
G1 X283.8313 Y-217.1883
G1 X283.8602 Y-217.0328
G1 X283.8635 Y-217.0097
G1 X283.8699 Y-216.9381
G1 X283.8775 Y-216.8022
G1 X283.8849 Y-216.6173
G1 X283.8933 Y-216.3328
G1 X283.9075 Y-215.6470
G1 X283.9273 Y-214.1164
G1 X283.9458 Y-211.6839
G1 X283.9573 Y-209.0776
G1 X283.9636 Y-206.2348
G1 X283.9649 Y-203.7334
G1 X283.9613 Y-200.6656
G1 X283.9537 Y-198.1662
G1 X283.9395 Y-195.5401
G1 X283.9207 Y-193.4655
G1 X283.9029 Y-192.2650
G1 X283.8953 Y-191.8848
G1 X283.8841 Y-191.4759
G1 X283.8752 Y-191.2473
G1 X283.8658 Y-191.0895
G1 X283.8625 Y-191.0535
G1 X283.8592 Y-191.0258
G1 X283.8320 Y-190.8741
G1 X283.8044 Y-190.7347
G1 X283.7744 Y-190.5965
G1 X283.7421 Y-190.4596
G1 X283.7076 Y-190.3240
G1 X283.6710 Y-190.1899
G1 X283.6321 Y-190.0570
G1 X283.5913 Y-189.9257
G1 X283.5478 Y-189.7959
G1 X283.5026 Y-189.6674
G1 X283.4551 Y-189.5404
G1 X283.4053 Y-189.4149
G1 X283.3535 Y-189.2910
G1 X283.2997 Y-189.1683
G1 X283.2438 Y-189.0474
G1 X283.1856 Y-188.9277
G1 X283.1254 Y-188.8099
G1 X283.0632 Y-188.6933
G1 X282.9989 Y-188.5785
G1 X282.9326 Y-188.4652
G1 X282.8643 Y-188.3534
G1 X282.7942 Y-188.2432
G1 X282.7218 Y-188.1348
G1 X282.6474 Y-188.0278
G1 X282.5712 Y-187.9224
G1 X282.4930 Y-187.8188
G1 X282.4129 Y-187.7169
G1 X282.3309 Y-187.6166
G1 X282.2468 Y-187.5180
G1 X282.1610 Y-187.4213
G1 X282.0731 Y-187.3260
G1 X281.9834 Y-187.2325
G1 X281.8920 Y-187.1409
G1 X281.7985 Y-187.0509
G1 X281.7033 Y-186.9625
G1 X281.6062 Y-186.8762
G1 X281.5074 Y-186.7916
G1 X281.4066 Y-186.7088
G1 X281.3042 Y-186.6278
G1 X281.1998 Y-186.5488
G1 X281.0939 Y-186.4713
G1 X280.9862 Y-186.3959
G1 X280.8768 Y-186.3225
G1 X280.7655 Y-186.2506
G1 X280.6525 Y-186.1810
G1 X280.5379 Y-186.1129
G1 X280.4216 Y-186.0471
G1 X280.3037 Y-185.9831
G1 X280.1841 Y-185.9209
G1 X280.0627 Y-185.8609
G1 X279.9398 Y-185.8028
G1 X279.8153 Y-185.7466
G1 X279.6891 Y-185.6925
G1 X279.5613 Y-185.6405
G1 X279.4320 Y-185.5904
G1 X279.3012 Y-185.5424
G1 X279.1686 Y-185.4962
G1 X279.0347 Y-185.4525
G1 X278.8991 Y-185.4106
G1 X278.7620 Y-185.3707
G1 X278.6235 Y-185.3331
G1 X278.4836 Y-185.2978
G1 X278.3418 Y-185.2643
G1 X278.0635 Y-185.2120
G1 X277.6819 Y-185.1881
G1 X277.3853 Y-185.1790
G1 X276.3309 Y-185.1617
; Retract
G1 Z3.0400 F2540

; Path 5
; Rapid to initial position
G1 X279.8567 Y-182.2559 F2540
G1 Z0.5000
; plunge
G1 Z-2.6750 F127
; cut
G1 X157.7404 Y-182.2559 F1016
G1 X157.4503 Y-181.9620
G1 X157.1605 Y-181.6674
G1 X157.1605 Y-180.5940
G1 X160.7030 Y-173.8064
G1 X161.5664 Y-172.1414
G1 X162.0728 Y-171.1582
G1 X162.6060 Y-170.1155
G1 X162.9720 Y-169.3908
G1 X163.0667 Y-169.2008
G1 X163.2115 Y-168.9054
G1 X163.2600 Y-168.8028
G1 X163.2920 Y-168.7317
G1 X163.3037 Y-168.7027
G1 X163.3065 Y-168.6938
G1 X163.3073 Y-168.6890
G1 X163.2778 Y-168.6182
G1 X163.2013 Y-168.5150
G1 X163.0893 Y-168.3934
G1 X162.9534 Y-168.2666
G1 X162.8816 Y-168.2044
G1 X162.7304 Y-168.0713
G1 X162.6514 Y-168.0009
G1 X162.4868 Y-167.8529
G1 X162.3141 Y-167.6951
G1 X162.0408 Y-167.4421
G1 X161.8501 Y-167.2636
G1 X161.5526 Y-166.9821
G1 X161.2430 Y-166.6860
G1 X161.0312 Y-166.4815
G1 X160.8155 Y-166.2720
G1 X160.4861 Y-165.9496
G1 X160.1516 Y-165.6194
G1 X159.8140 Y-165.2834
G1 X159.5879 Y-165.0571
G1 X159.2494 Y-164.7157
G1 X159.0248 Y-164.4879
G1 X158.6911 Y-164.1467
G1 X158.3627 Y-163.8084
G1 X158.1478 Y-163.5854
G1 X157.8331 Y-163.2562
G1 X157.6291 Y-163.0411
G1 X157.3337 Y-162.7266
G1 X157.1445 Y-162.5234
G1 X156.9621 Y-162.3258
G1 X156.7871 Y-162.1343
G1 X156.6205 Y-161.9499
G1 X156.5402 Y-161.8605
G1 X156.4223 Y-161.7281
G1 X156.1884 Y-161.4635
G1 X155.9570 Y-161.1993
G1 X155.7282 Y-160.9352
G1 X155.5016 Y-160.6713
G1 X155.2778 Y-160.4074
G1 X155.1666 Y-160.2755
G1 X155.0561 Y-160.1437
G1 X154.8371 Y-159.8803
G1 X154.6205 Y-159.6169
G1 X154.5130 Y-159.4853
G1 X154.1945 Y-159.0906
G1 X153.9852 Y-158.8275
G1 X153.8813 Y-158.6962
G1 X153.6758 Y-158.4333
G1 X153.4724 Y-158.1704
G1 X153.2717 Y-157.9077
G1 X153.0731 Y-157.6451
G1 X152.9748 Y-157.5138
G1 X152.7800 Y-157.2514
G1 X152.6835 Y-157.1201
G1 X152.4922 Y-156.8574
G1 X152.3975 Y-156.7264
G1 X152.2098 Y-156.4640
G1 X152.0246 Y-156.2016
G1 X151.8417 Y-155.9392
G1 X151.6611 Y-155.6769
G1 X151.5717 Y-155.5455
G1 X151.3947 Y-155.2832
G1 X151.2202 Y-155.0208
G1 X151.0477 Y-154.7584
G1 X150.8778 Y-154.4958
G1 X150.7101 Y-154.2334
G1 X150.5450 Y-153.9707
G1 X150.3820 Y-153.7081
G1 X150.2214 Y-153.4452
G1 X150.1419 Y-153.3139
G1 X149.9847 Y-153.0510
G1 X149.9070 Y-152.9197
G1 X149.7533 Y-152.6565
G1 X149.6019 Y-152.3934
G1 X149.4528 Y-152.1303
G1 X149.3792 Y-151.9987
G1 X149.3060 Y-151.8669
G1 X149.1615 Y-151.6035
G1 X149.0193 Y-151.3398
G1 X148.8793 Y-151.0759
G1 X148.8102 Y-150.9441
G1 X148.6736 Y-150.6799
G1 X148.5395 Y-150.4158
G1 X148.4732 Y-150.2837
G1 X148.3421 Y-150.0193
G1 X148.2776 Y-149.8869
G1 X148.1501 Y-149.6220
G1 X148.0871 Y-149.4897
G1 X148.0246 Y-149.3571
G1 X147.9017 Y-149.0919
G1 X147.7808 Y-148.8265
G1 X147.7211 Y-148.6936
G1 X147.6035 Y-148.4277
G1 X147.5456 Y-148.2949
G1 X147.4881 Y-148.1618
G1 X147.3751 Y-147.8953
G1 X147.3195 Y-147.7622
G1 X147.2098 Y-147.4955
G1 X147.1021 Y-147.2283
G1 X147.0490 Y-147.0947
G1 X146.9967 Y-146.9611
G1 X146.8933 Y-146.6934
G1 X146.8425 Y-146.5595
G1 X146.7427 Y-146.2916
G1 X146.6934 Y-146.1574
G1 X146.5969 Y-145.8887
G1 X146.5491 Y-145.7543
G1 X146.5021 Y-145.6200
G1 X146.4099 Y-145.3507
G1 X146.3195 Y-145.0810
G1 X146.2385 Y-144.8331
G1 X146.1666 Y-144.6078
G1 X146.0619 Y-144.2717
G1 X145.9944 Y-144.0487
G1 X145.8966 Y-143.7155
G1 X145.8333 Y-143.4940
G1 X145.7719 Y-143.2728
G1 X145.7122 Y-143.0518
G1 X145.6540 Y-142.8308
G1 X145.6256 Y-142.7206
G1 X145.5699 Y-142.4996
G1 X145.5158 Y-142.2784
G1 X145.4633 Y-142.0566
G1 X145.4122 Y-141.8346
G1 X145.3624 Y-141.6116
G1 X145.3144 Y-141.3881
G1 X145.2908 Y-141.2761
G1 X145.2448 Y-141.0510
G1 X145.2001 Y-140.8247
G1 X145.1569 Y-140.5974
G1 X145.1150 Y-140.3685
G1 X145.0945 Y-140.2535
G1 X145.0546 Y-140.0223
G1 X145.0157 Y-139.7894
G1 X144.9781 Y-139.5547
G1 X144.9418 Y-139.3177
G1 X144.9067 Y-139.0790
G1 X144.8895 Y-138.9586
G1 X144.8562 Y-138.7160
G1 X144.8237 Y-138.4711
G1 X144.7924 Y-138.2238
G1 X144.7622 Y-137.9736
G1 X144.7330 Y-137.7203
G1 X144.7188 Y-137.5926
G1 X144.7140 Y-137.5438
G1 X144.7043 Y-137.4285
G1 X144.6997 Y-137.3624
G1 X144.6954 Y-137.2911
G1 X144.6873 Y-137.1333
G1 X144.6797 Y-136.9565
G1 X144.6695 Y-136.6589
G1 X144.6609 Y-136.3274
G1 X144.6535 Y-135.9665
G1 X144.6459 Y-135.4491
G1 X144.6431 Y-135.1783
G1 X144.6395 Y-134.6195
G1 X144.6385 Y-134.3348
G1 X144.6383 Y-134.0485
G1 X144.6398 Y-133.4773
G1 X144.6413 Y-133.1951
G1 X144.6466 Y-132.6462
G1 X144.6522 Y-132.2535
G1 X144.6619 Y-131.7648
G1 X144.6708 Y-131.4313
G1 X144.6812 Y-131.1316
G1 X144.6888 Y-130.9533
G1 X144.6972 Y-130.7937
G1 X144.7063 Y-130.6546
G1 X144.7109 Y-130.5928
G1 X144.7208 Y-130.4872
G1 X144.7470 Y-130.2512
G1 X144.7742 Y-130.0168
G1 X144.8024 Y-129.7836
G1 X144.8318 Y-129.5517
G1 X144.8620 Y-129.3211
G1 X144.8935 Y-129.0914
G1 X144.9261 Y-128.8628
G1 X144.9598 Y-128.6355
G1 X144.9946 Y-128.4094
G1 X145.0304 Y-128.1841
G1 X145.0678 Y-127.9599
G1 X145.1059 Y-127.7366
G1 X145.1453 Y-127.5143
G1 X145.1859 Y-127.2929
G1 X145.2278 Y-127.0721
G1 X145.2707 Y-126.8524
G1 X145.3149 Y-126.6332
G1 X145.3604 Y-126.4148
G1 X145.4071 Y-126.1974
G1 X145.4551 Y-125.9802
G1 X145.5042 Y-125.7638
G1 X145.5547 Y-125.5481
G1 X145.6065 Y-125.3330
G1 X145.6596 Y-125.1181
G1 X145.7140 Y-124.9040
G1 X145.7696 Y-124.6901
G1 X145.8265 Y-124.4768
G1 X145.8849 Y-124.2637
G1 X145.9446 Y-124.0508
G1 X146.0055 Y-123.8385
G1 X146.0680 Y-123.6264
G1 X146.1318 Y-123.4143
G1 X146.1971 Y-123.2024
G1 X146.2636 Y-122.9909
G1 X146.3317 Y-122.7793
G1 X146.4010 Y-122.5677
G1 X146.4721 Y-122.3564
G1 X146.5443 Y-122.1448
G1 X146.6182 Y-121.9335
G1 X146.6934 Y-121.7216
G1 X146.7703 Y-121.5100
G1 X146.8486 Y-121.2982
G1 X146.9283 Y-121.0861
G1 X147.0096 Y-120.8738
G1 X147.0924 Y-120.6612
G1 X147.1767 Y-120.4483
G1 X147.2626 Y-120.2352
G1 X147.3502 Y-120.0216
G1 X147.4391 Y-119.8075
G1 X147.5298 Y-119.5931
G1 X147.6223 Y-119.3782
G1 X147.7160 Y-119.1628
G1 X147.8115 Y-118.9467
G1 X147.9085 Y-118.7300
G1 X148.0073 Y-118.5128
G1 X148.1077 Y-118.2949
G1 X148.2098 Y-118.0762
G1 X148.3136 Y-117.8568
G1 X148.4191 Y-117.6365
G1 X148.5260 Y-117.4156
G1 X148.6350 Y-117.1938
G1 X148.7454 Y-116.9711
G1 X148.8577 Y-116.7473
G1 X148.9718 Y-116.5225
G1 X149.1046 Y-116.2642
G1 X149.2390 Y-116.0061
G1 X149.3749 Y-115.7488
G1 X149.5123 Y-115.4920
G1 X149.6512 Y-115.2360
G1 X149.7213 Y-115.1080
G1 X149.9339 Y-114.7247
G1 X150.0777 Y-114.4699
G1 X150.2232 Y-114.2154
G1 X150.3703 Y-113.9614
G1 X150.5191 Y-113.7077
G1 X150.6695 Y-113.4544
G1 X150.8216 Y-113.2014
G1 X150.9756 Y-112.9487
G1 X151.0530 Y-112.8225
G1 X151.2095 Y-112.5703
G1 X151.3680 Y-112.3183
G1 X151.4478 Y-112.1923
G1 X151.6085 Y-111.9408
G1 X151.7713 Y-111.6894
G1 X151.9359 Y-111.4379
G1 X152.1023 Y-111.1867
G1 X152.2707 Y-110.9358
G1 X152.4409 Y-110.6848
G1 X152.6129 Y-110.4339
G1 X152.7868 Y-110.1832
G1 X152.9629 Y-109.9325
G1 X153.1407 Y-109.6815
G1 X153.3205 Y-109.4308
G1 X153.5024 Y-109.1799
G1 X153.6863 Y-108.9292
G1 X153.9657 Y-108.5525
G1 X154.1546 Y-108.3015
G1 X154.3456 Y-108.0501
G1 X154.5387 Y-107.7986
G1 X154.7338 Y-107.5472
G1 X154.8321 Y-107.4212
G1 X155.0304 Y-107.1692
G1 X155.2308 Y-106.9170
G1 X155.4335 Y-106.6645
G1 X155.6385 Y-106.4118
G1 X155.8453 Y-106.1585
G1 X156.1600 Y-105.7783
G1 X156.2659 Y-105.6513
G1 X156.4797 Y-105.3973
G1 X156.6956 Y-105.1425
G1 X156.9138 Y-104.8875
G1 X157.1343 Y-104.6323
G1 X157.3571 Y-104.3762
G1 X157.5824 Y-104.1197
G1 X157.8097 Y-103.8629
G1 X158.0396 Y-103.6053
G1 X158.1554 Y-103.4763
G1 X158.5067 Y-103.0884
G1 X158.6248 Y-102.9589
G1 X158.8630 Y-102.6993
G1 X159.1038 Y-102.4392
G1 X159.3469 Y-102.1781
G1 X159.7165 Y-101.7854
G1 X159.9659 Y-101.5228
G1 X160.2179 Y-101.2594
G1 X160.4724 Y-100.9950
G1 X160.7294 Y-100.7300
G1 X160.9890 Y-100.4641
G1 X161.2511 Y-100.1974
G1 X161.5636 Y-99.8822
G1 X161.8783 Y-99.5675
G1 X162.1953 Y-99.2528
G1 X162.5148 Y-98.9388
G1 X162.8369 Y-98.6249
G1 X163.0528 Y-98.4159
G1 X163.3789 Y-98.1027
G1 X163.5976 Y-97.8939
G1 X163.9275 Y-97.5812
G1 X164.1488 Y-97.3729
G1 X164.5948 Y-96.9569
G1 X164.9321 Y-96.6452
G1 X165.1582 Y-96.4377
G1 X165.4995 Y-96.1266
G1 X165.8432 Y-95.8159
G1 X166.1892 Y-95.5055
G1 X166.5376 Y-95.1954
G1 X166.7713 Y-94.9889
G1 X167.1239 Y-94.6795
G1 X167.4790 Y-94.3704
G1 X167.8363 Y-94.0615
G1 X168.1960 Y-93.7532
G1 X168.5582 Y-93.4451
G1 X168.9230 Y-93.1372
G1 X169.1673 Y-92.9322
G1 X169.5359 Y-92.6252
G1 X169.9069 Y-92.3183
G1 X170.1556 Y-92.1139
G1 X170.6563 Y-91.7057
G1 X170.9082 Y-91.5017
G1 X171.2882 Y-91.1962
G1 X171.7985 Y-90.7893
G1 X172.1841 Y-90.4845
G1 X172.4424 Y-90.2815
G1 X172.8320 Y-89.9772
G1 X173.2239 Y-89.6734
G1 X173.6184 Y-89.3699
G1 X173.8828 Y-89.1677
G1 X174.1480 Y-88.9658
G1 X174.5480 Y-88.6630
G1 X175.0852 Y-88.2599
G1 X175.4909 Y-87.9579
G1 X175.8991 Y-87.6564
G1 X176.3095 Y-87.3552
G1 X176.5846 Y-87.1545
G1 X177.1378 Y-86.7537
G1 X177.5557 Y-86.4535
G1 X177.8356 Y-86.2536
G1 X178.1165 Y-86.0537
G1 X178.3984 Y-85.8540
G1 X178.8236 Y-85.5548
G1 X179.3941 Y-85.1565
G1 X179.8246 Y-84.8581
G1 X180.2577 Y-84.5602
G1 X180.5478 Y-84.3615
G1 X180.9849 Y-84.0641
G1 X181.4246 Y-83.7669
G1 X181.8665 Y-83.4702
G1 X182.1625 Y-83.2724
G1 X182.6085 Y-82.9762
G1 X183.0568 Y-82.6803
G1 X183.6585 Y-82.2863
G1 X184.1127 Y-81.9912
G1 X184.4167 Y-81.7946
G1 X184.8747 Y-81.5002
G1 X185.3352 Y-81.2061
G1 X185.6435 Y-81.0100
G1 X186.1081 Y-80.7164
G1 X186.7311 Y-80.3255
G1 X187.2013 Y-80.0326
G1 X187.8320 Y-79.6427
G1 X188.4670 Y-79.2533
G1 X188.9460 Y-78.9617
G1 X189.5886 Y-78.5736
G1 X190.0733 Y-78.2828
G1 X190.7233 Y-77.8957
G1 X191.0499 Y-77.7022
G1 X191.7065 Y-77.3161
G1 X192.0364 Y-77.1230
G1 X192.6994 Y-76.7377
G1 X193.1993 Y-76.4489
G1 X193.7017 Y-76.1606
G1 X194.3755 Y-75.7768
G1 X194.8835 Y-75.4893
G1 X195.2236 Y-75.2978
G1 X195.9072 Y-74.9153
G1 X196.4225 Y-74.6288
G1 X197.0253 Y-74.2960
G1 X197.4599 Y-74.0578
G1 X198.1932 Y-73.6590
G1 X198.7870 Y-73.3389
G1 X199.2361 Y-73.0984
G1 X199.8401 Y-72.7771
G1 X200.4489 Y-72.4555
G1 X201.2163 Y-72.0534
G1 X201.8345 Y-71.7321
G1 X202.4560 Y-71.4113
G1 X203.0806 Y-71.0913
G1 X203.7072 Y-70.7723
G1 X204.1784 Y-70.5338
G1 X204.9656 Y-70.1383
G1 X205.7537 Y-69.7456
G1 X206.5424 Y-69.3560
G1 X207.3298 Y-68.9704
G1 X208.1157 Y-68.5889
G1 X208.5858 Y-68.3623
G1 X209.2109 Y-68.0631
G1 X209.8330 Y-67.7675
G1 X210.4520 Y-67.4754
G1 X211.2206 Y-67.1159
G1 X211.6783 Y-66.9036
G1 X212.4352 Y-66.5554
G1 X213.0346 Y-66.2821
G1 X213.7755 Y-65.9478
G1 X214.5063 Y-65.6219
G1 X214.9394 Y-65.4307
G1 X215.5101 Y-65.1807
G1 X215.9328 Y-64.9973
G1 X216.3557 Y-64.8157
G1 X216.6148 Y-64.7057
G1 X216.8517 Y-64.6067
G1 X216.9625 Y-64.5610
G1 X217.1692 Y-64.4774
G1 X217.2660 Y-64.4393
G1 X217.3585 Y-64.4035
G1 X217.4469 Y-64.3700
G1 X217.5314 Y-64.3387
G1 X217.6122 Y-64.3095
G1 X217.6899 Y-64.2826
G1 X217.7644 Y-64.2574
G1 X217.8357 Y-64.2346
G1 X217.9043 Y-64.2135
G1 X217.9704 Y-64.1942
G1 X218.0341 Y-64.1767
G1 X218.0958 Y-64.1609
G1 X218.1555 Y-64.1469
G1 X218.2137 Y-64.1342
G1 X218.2703 Y-64.1233
G1 X218.3257 Y-64.1139
G1 X218.3798 Y-64.1058
G1 X218.4334 Y-64.0992
G1 X218.4862 Y-64.0936
G1 X218.5386 Y-64.0895
G1 X218.5909 Y-64.0862
G1 X218.6432 Y-64.0845
G1 X218.6958 Y-64.0834
G1 X218.6958 Y-64.0834
G1 X218.9447 Y-64.0905
G1 X219.1070 Y-64.1007
G1 X219.2325 Y-64.1116
G1 X219.3295 Y-64.1269
G1 X219.4070 Y-64.1502
G1 X219.4733 Y-64.1845
G1 X219.5370 Y-64.2338
G1 X219.6066 Y-64.3014
G1 X219.6978 Y-64.3989
G1 X219.7146 Y-64.4243
G1 X219.8764 Y-64.7073
G1 X220.2904 Y-65.4700
G1 X221.7245 Y-68.1708
G1 X226.1088 Y-76.5165
G1 X250.1951 Y-122.6152
G1 X280.4460 Y-180.5699
G1 X280.4460 Y-181.6763
G1 X279.8567 Y-182.2559
; Retract
G1 Z3.0400 F2540

; Path 6
; Rapid to initial position
G1 X279.9804 Y-182.3791 F2540
G1 Z0.5000
; plunge
G1 Z-2.6750 F127
; cut
G1 X280.2743 Y-182.0890 F1016
G1 X280.5689 Y-181.7992
G1 X280.5689 Y-180.4675
G1 X226.3028 Y-76.5411
G1 X221.5761 Y-67.5516
G1 X220.6823 Y-65.8769
G1 X220.1664 Y-64.9313
G1 X219.9460 Y-64.5442
G1 X219.8228 Y-64.3453
G1 X219.7710 Y-64.2775
G1 X219.4532 Y-63.9536
G1 X219.4532 Y-63.9536
G1 X217.9825 Y-63.9536
G1 X216.4524 Y-64.6054
G1 X215.8837 Y-64.8495
G1 X215.3082 Y-65.0994
G1 X214.5797 Y-65.4190
G1 X213.9902 Y-65.6806
G1 X213.3948 Y-65.9473
G1 X212.7943 Y-66.2188
G1 X212.1891 Y-66.4947
G1 X211.5795 Y-66.7751
G1 X210.8119 Y-67.1314
G1 X210.1936 Y-67.4210
G1 X209.5726 Y-67.7144
G1 X208.9485 Y-68.0113
G1 X208.3224 Y-68.3115
G1 X207.5370 Y-68.6913
G1 X207.0646 Y-68.9214
G1 X206.5917 Y-69.1530
G1 X205.8025 Y-69.5424
G1 X205.1708 Y-69.8566
G1 X204.6971 Y-70.0936
G1 X204.2236 Y-70.3318
G1 X203.5927 Y-70.6511
G1 X203.2777 Y-70.8114
G1 X202.6488 Y-71.1332
G1 X202.1782 Y-71.3755
G1 X201.3963 Y-71.7809
G1 X200.9292 Y-72.0247
G1 X200.1540 Y-72.4324
G1 X199.6912 Y-72.6775
G1 X199.2307 Y-72.9229
G1 X198.7723 Y-73.1685
G1 X198.3161 Y-73.4141
G1 X197.5617 Y-73.8236
G1 X196.9638 Y-74.1510
G1 X196.4185 Y-74.4515
G1 X195.4698 Y-74.9793
G1 X194.9308 Y-75.2818
G1 X194.2600 Y-75.6610
G1 X193.7261 Y-75.9651
G1 X193.1944 Y-76.2699
G1 X192.6648 Y-76.5754
G1 X192.4009 Y-76.7283
G1 X191.7438 Y-77.1116
G1 X191.0906 Y-77.4957
G1 X190.5704 Y-77.8038
G1 X189.9237 Y-78.1896
G1 X189.4088 Y-78.4990
G1 X188.6412 Y-78.9643
G1 X188.2597 Y-79.1972
G1 X187.7527 Y-79.5086
G1 X187.2483 Y-79.8203
G1 X186.4965 Y-80.2891
G1 X185.8742 Y-80.6806
G1 X185.3794 Y-80.9942
G1 X184.7642 Y-81.3872
G1 X184.0314 Y-81.8596
G1 X183.4251 Y-82.2543
G1 X182.9430 Y-82.5703
G1 X182.5831 Y-82.8078
G1 X182.1058 Y-83.1245
G1 X181.5127 Y-83.5213
G1 X180.9237 Y-83.9188
G1 X180.5724 Y-84.1573
G1 X179.9902 Y-84.5556
G1 X179.6430 Y-84.7949
G1 X179.2973 Y-85.0344
G1 X178.8389 Y-85.3539
G1 X178.2696 Y-85.7540
G1 X177.7047 Y-86.1545
G1 X177.2562 Y-86.4751
G1 X176.8102 Y-86.7961
G1 X176.3672 Y-87.1174
G1 X175.8175 Y-87.5195
G1 X175.2722 Y-87.9221
G1 X174.8394 Y-88.2442
G1 X174.3022 Y-88.6475
G1 X173.8760 Y-88.9701
G1 X173.3471 Y-89.3740
G1 X172.9275 Y-89.6971
G1 X172.6148 Y-89.9396
G1 X172.2003 Y-90.2632
G1 X171.6867 Y-90.6678
G1 X171.2791 Y-90.9919
G1 X170.8747 Y-91.3158
G1 X170.2737 Y-91.8022
G1 X169.8770 Y-92.1266
G1 X169.5816 Y-92.3699
G1 X169.2877 Y-92.6132
G1 X168.8988 Y-92.9378
G1 X168.6093 Y-93.1814
G1 X168.1305 Y-93.5873
G1 X167.8457 Y-93.8309
G1 X167.4688 Y-94.1558
G1 X167.1881 Y-94.3994
G1 X166.7652 Y-94.7697
G1 X166.4487 Y-95.0496
G1 X166.0279 Y-95.4250
G1 X165.7132 Y-95.7085
G1 X165.3992 Y-95.9932
G1 X164.9824 Y-96.3747
G1 X164.6710 Y-96.6622
G1 X164.3609 Y-96.9510
G1 X164.0517 Y-97.2406
G1 X163.6420 Y-97.6282
G1 X163.3365 Y-97.9198
G1 X162.9313 Y-98.3097
G1 X162.6296 Y-98.6028
G1 X162.3296 Y-98.8964
G1 X161.9324 Y-99.2886
G1 X161.5387 Y-99.6810
G1 X161.1488 Y-100.0740
G1 X160.9552 Y-100.2703
G1 X160.6669 Y-100.5649
G1 X160.2862 Y-100.9576
G1 X160.0035 Y-101.2518
G1 X159.5379 Y-101.7415
G1 X159.2623 Y-102.0346
G1 X158.9893 Y-102.3272
G1 X158.7193 Y-102.6193
G1 X158.4523 Y-102.9104
G1 X158.1882 Y-103.2010
G1 X157.9273 Y-103.4903
G1 X157.6697 Y-103.7788
G1 X157.4998 Y-103.9706
G1 X157.2478 Y-104.2571
G1 X157.0815 Y-104.4476
G1 X156.8353 Y-104.7321
G1 X156.6730 Y-104.9208
G1 X156.4330 Y-105.2030
G1 X156.1186 Y-105.5766
G1 X155.8872 Y-105.8550
G1 X155.6598 Y-106.1316
G1 X155.5105 Y-106.3150
G1 X155.2900 Y-106.5886
G1 X155.0774 Y-106.8550
G1 X154.9385 Y-107.0308
G1 X154.8006 Y-107.2065
G1 X154.5270 Y-107.5578
G1 X154.3916 Y-107.7336
G1 X154.2572 Y-107.9094
G1 X154.1236 Y-108.0851
G1 X153.9911 Y-108.2609
G1 X153.8595 Y-108.4367
G1 X153.7287 Y-108.6124
G1 X153.5986 Y-108.7882
G1 X153.4696 Y-108.9640
G1 X153.3416 Y-109.1397
G1 X153.0881 Y-109.4910
G1 X152.9629 Y-109.6668
G1 X152.8384 Y-109.8426
G1 X152.7150 Y-110.0183
G1 X152.5923 Y-110.1941
G1 X152.4706 Y-110.3699
G1 X152.3497 Y-110.5456
G1 X152.2298 Y-110.7211
G1 X152.1109 Y-110.8969
G1 X151.9928 Y-111.0727
G1 X151.8757 Y-111.2484
G1 X151.7594 Y-111.4242
G1 X151.6441 Y-111.5997
G1 X151.5295 Y-111.7755
G1 X151.4160 Y-111.9513
G1 X151.3035 Y-112.1268
G1 X151.1917 Y-112.3025
G1 X151.0810 Y-112.4783
G1 X150.9712 Y-112.6538
G1 X150.8623 Y-112.8296
G1 X150.7541 Y-113.0051
G1 X150.5407 Y-113.3564
G1 X150.4356 Y-113.5319
G1 X150.3312 Y-113.7077
G1 X150.2275 Y-113.8832
G1 X150.1252 Y-114.0587
G1 X150.0233 Y-114.2345
G1 X149.9227 Y-114.4100
G1 X149.8229 Y-114.5855
G1 X149.7239 Y-114.7610
G1 X149.5288 Y-115.1120
G1 X149.4328 Y-115.2876
G1 X149.3375 Y-115.4631
G1 X149.2430 Y-115.6386
G1 X149.1496 Y-115.8141
G1 X149.0571 Y-115.9894
G1 X148.9657 Y-116.1649
G1 X148.8750 Y-116.3404
G1 X148.7851 Y-116.5156
G1 X148.6962 Y-116.6912
G1 X148.6083 Y-116.8664
G1 X148.5214 Y-117.0419
G1 X148.4353 Y-117.2172
G1 X148.3500 Y-117.3924
G1 X148.2659 Y-117.5677
G1 X148.1826 Y-117.7430
G1 X148.1000 Y-117.9182
G1 X148.0185 Y-118.0935
G1 X147.9380 Y-118.2687
G1 X147.8582 Y-118.4440
G1 X147.7795 Y-118.6193
G1 X147.7018 Y-118.7945
G1 X147.6248 Y-118.9695
G1 X147.5486 Y-119.1448
G1 X147.4737 Y-119.3198
G1 X147.3995 Y-119.4948
G1 X147.3261 Y-119.6701
G1 X147.1823 Y-120.0201
G1 X147.1120 Y-120.1951
G1 X147.0424 Y-120.3701
G1 X146.9738 Y-120.5451
G1 X146.9060 Y-120.7198
G1 X146.8392 Y-120.8949
G1 X146.7731 Y-121.0696
G1 X146.6441 Y-121.4194
G1 X146.5811 Y-121.5944
G1 X146.5189 Y-121.7691
G1 X146.4577 Y-121.9439
G1 X146.3972 Y-122.1186
G1 X146.3378 Y-122.2931
G1 X146.2791 Y-122.4679
G1 X146.1648 Y-122.8171
G1 X146.1092 Y-122.9919
G1 X146.0543 Y-123.1664
G1 X146.0002 Y-123.3409
G1 X145.9474 Y-123.5154
G1 X145.8953 Y-123.6899
G1 X145.8440 Y-123.8644
G1 X145.7444 Y-124.2131
G1 X145.6962 Y-124.3876
G1 X145.6487 Y-124.5619
G1 X145.6022 Y-124.7361
G1 X145.5565 Y-124.9103
G1 X145.5118 Y-125.0846
G1 X145.4681 Y-125.2588
G1 X145.4252 Y-125.4331
G1 X145.3833 Y-125.6073
G1 X145.3424 Y-125.7813
G1 X145.3022 Y-125.9553
G1 X145.2631 Y-126.1295
G1 X145.2248 Y-126.3035
G1 X145.1874 Y-126.4775
G1 X145.1511 Y-126.6513
G1 X145.1155 Y-126.8252
G1 X145.0810 Y-126.9990
G1 X145.0475 Y-127.1730
G1 X144.9829 Y-127.5204
G1 X144.9522 Y-127.6942
G1 X144.9222 Y-127.8679
G1 X144.8933 Y-128.0414
G1 X144.8653 Y-128.2151
G1 X144.8382 Y-128.3886
G1 X144.8120 Y-128.5621
G1 X144.7866 Y-128.7356
G1 X144.7389 Y-129.0825
G1 X144.6992 Y-129.3889
G1 X144.6634 Y-129.6820
G1 X144.6469 Y-129.8242
G1 X144.6312 Y-129.9644
G1 X144.6162 Y-130.1026
G1 X144.6022 Y-130.2395
G1 X144.5890 Y-130.3749
G1 X144.5765 Y-130.5098
G1 X144.5649 Y-130.6441
G1 X144.5440 Y-130.9134
G1 X144.5344 Y-131.0488
G1 X144.5257 Y-131.1852
G1 X144.5176 Y-131.3231
G1 X144.5103 Y-131.4630
G1 X144.5034 Y-131.6048
G1 X144.4970 Y-131.7493
G1 X144.4915 Y-131.8966
G1 X144.4864 Y-132.0472
G1 X144.4818 Y-132.2014
G1 X144.4744 Y-132.5222
G1 X144.4714 Y-132.6896
G1 X144.4689 Y-132.8621
G1 X144.4650 Y-133.2238
G1 X144.4628 Y-133.6104
G1 X144.4620 Y-134.1587
G1 X144.4628 Y-134.4216
G1 X144.4645 Y-134.6777
G1 X144.4671 Y-134.9276
G1 X144.4727 Y-135.2916
G1 X144.4805 Y-135.6436
G1 X144.4907 Y-135.9842
G1 X144.4988 Y-136.2060
G1 X144.5082 Y-136.4237
G1 X144.5186 Y-136.6375
G1 X144.5301 Y-136.8478
G1 X144.5362 Y-136.9520
G1 X144.5496 Y-137.1580
G1 X144.5641 Y-137.3614
G1 X144.5717 Y-137.4623
G1 X144.5882 Y-137.6624
G1 X144.5969 Y-137.7617
G1 X144.6154 Y-137.9593
G1 X144.6350 Y-138.1559
G1 X144.6454 Y-138.2537
G1 X144.6672 Y-138.4488
G1 X144.6787 Y-138.5463
G1 X144.7025 Y-138.7409
G1 X144.7279 Y-138.9357
G1 X144.7549 Y-139.1308
G1 X144.7833 Y-139.3269
G1 X144.8133 Y-139.5237
G1 X144.8448 Y-139.7221
G1 X144.8778 Y-139.9222
G1 X144.9126 Y-140.1244
G1 X144.9489 Y-140.3292
G1 X144.9870 Y-140.5364
G1 X145.0269 Y-140.7470
G1 X145.0475 Y-140.8534
G1 X145.0807 Y-141.0221
G1 X145.1148 Y-141.1907
G1 X145.1498 Y-141.3594
G1 X145.1856 Y-141.5278
G1 X145.2222 Y-141.6959
G1 X145.2598 Y-141.8643
G1 X145.2982 Y-142.0325
G1 X145.3373 Y-142.2004
G1 X145.3774 Y-142.3685
G1 X145.4183 Y-142.5364
G1 X145.4602 Y-142.7041
G1 X145.5029 Y-142.8720
G1 X145.5466 Y-143.0393
G1 X145.5910 Y-143.2070
G1 X145.6362 Y-143.3744
G1 X145.6825 Y-143.5418
G1 X145.7295 Y-143.7091
G1 X145.7772 Y-143.8763
G1 X145.8260 Y-144.0434
G1 X145.8758 Y-144.2105
G1 X145.9263 Y-144.3774
G1 X145.9776 Y-144.5443
G1 X146.0299 Y-144.7112
G1 X146.0830 Y-144.8780
G1 X146.1369 Y-145.0447
G1 X146.1917 Y-145.2113
G1 X146.2476 Y-145.3779
G1 X146.3043 Y-145.5443
G1 X146.3617 Y-145.7107
G1 X146.4201 Y-145.8770
G1 X146.4793 Y-146.0434
G1 X146.5395 Y-146.2095
G1 X146.6004 Y-146.3756
G1 X146.6621 Y-146.5417
G1 X146.7249 Y-146.7079
G1 X146.7886 Y-146.8737
G1 X146.8531 Y-147.0396
G1 X146.9184 Y-147.2054
G1 X146.9847 Y-147.3713
G1 X147.0520 Y-147.5372
G1 X147.1201 Y-147.7028
G1 X147.1889 Y-147.8684
G1 X147.2588 Y-148.0340
G1 X147.3294 Y-148.1996
G1 X147.4010 Y-148.3652
G1 X147.4734 Y-148.5306
G1 X147.5468 Y-148.6959
G1 X147.6210 Y-148.8613
G1 X147.6962 Y-149.0266
G1 X147.7721 Y-149.1920
G1 X147.8491 Y-149.3571
G1 X147.9268 Y-149.5222
G1 X148.0055 Y-149.6875
G1 X148.0850 Y-149.8526
G1 X148.1656 Y-150.0177
G1 X148.2468 Y-150.1826
G1 X148.3291 Y-150.3477
G1 X148.4125 Y-150.5128
G1 X148.4963 Y-150.6776
G1 X148.5814 Y-150.8425
G1 X148.6672 Y-151.0073
G1 X148.7538 Y-151.1722
G1 X148.8415 Y-151.3370
G1 X148.9301 Y-151.5019
G1 X149.0195 Y-151.6667
G1 X149.1097 Y-151.8313
G1 X149.2009 Y-151.9961
G1 X149.2931 Y-152.1607
G1 X149.3860 Y-152.3256
G1 X149.4800 Y-152.4902
G1 X149.5748 Y-152.6548
G1 X149.6705 Y-152.8194
G1 X149.7670 Y-152.9839
G1 X149.8646 Y-153.1485
G1 X149.9631 Y-153.3131
G1 X150.0624 Y-153.4777
G1 X150.1625 Y-153.6423
G1 X150.3657 Y-153.9715
G1 X150.4688 Y-154.1358
G1 X150.5727 Y-154.3004
G1 X150.6774 Y-154.4650
G1 X150.7830 Y-154.6296
G1 X150.9972 Y-154.9585
G1 X151.1056 Y-155.1231
G1 X151.2148 Y-155.2875
G1 X151.3251 Y-155.4521
G1 X151.4363 Y-155.6167
G1 X151.5483 Y-155.7810
G1 X151.6614 Y-155.9456
G1 X151.7752 Y-156.1102
G1 X151.8900 Y-156.2748
G1 X152.1224 Y-156.6037
G1 X152.2400 Y-156.7683
G1 X152.3583 Y-156.9329
G1 X152.4777 Y-157.0975
G1 X152.5981 Y-157.2621
G1 X152.7193 Y-157.4267
G1 X152.8415 Y-157.5913
G1 X152.9646 Y-157.7561
G1 X153.0886 Y-157.9207
G1 X153.3393 Y-158.2501
G1 X153.4660 Y-158.4147
G1 X153.5938 Y-158.5796
G1 X153.7223 Y-158.7444
G1 X153.8519 Y-158.9093
G1 X153.9824 Y-159.0741
G1 X154.1137 Y-159.2389
G1 X154.2461 Y-159.4038
G1 X154.3792 Y-159.5686
G1 X154.5135 Y-159.7337
G1 X154.7846 Y-160.0637
G1 X154.9215 Y-160.2288
G1 X155.0594 Y-160.3939
G1 X155.1983 Y-160.5590
G1 X155.3380 Y-160.7241
G1 X155.6202 Y-161.0545
G1 X155.7630 Y-161.2199
G1 X155.9065 Y-161.3852
G1 X156.0507 Y-161.5506
G1 X156.1960 Y-161.7160
G1 X156.3423 Y-161.8813
G1 X156.4897 Y-162.0469
G1 X156.6253 Y-162.1978
G1 X156.7716 Y-162.3583
G1 X157.0096 Y-162.6159
G1 X157.2679 Y-162.8915
G1 X157.5443 Y-163.1828
G1 X157.8364 Y-163.4876
G1 X158.1419 Y-163.8038
G1 X158.4587 Y-164.1290
G1 X159.0055 Y-164.6847
G1 X159.3411 Y-165.0228
G1 X159.6796 Y-165.3616
G1 X160.1318 Y-165.8104
G1 X160.4686 Y-166.1422
G1 X160.9098 Y-166.5732
G1 X161.2321 Y-166.8854
G1 X161.5445 Y-167.1856
G1 X161.8447 Y-167.4711
G1 X162.1305 Y-167.7403
G1 X162.3997 Y-167.9905
G1 X162.5686 Y-168.1455
G1 X162.7287 Y-168.2907
G1 X163.1899 Y-168.7040
G1 X157.0375 Y-180.4909
G1 X157.0375 Y-181.7294
G1 X157.6791 Y-182.3791
G1 X279.9804 Y-182.3791
; Retract
G1 Z3.0400 F2540

; Path 7
; Rapid to initial position
G1 X278.9095 Y-180.9026 F2540
G1 Z0.5000
; plunge
G1 Z-2.6750 F127
; cut
G1 X219.0491 Y-180.9026 F1016
G1 X219.0549 Y-66.1995
G1 X219.0549 Y-66.1995
G1 X220.4481 Y-68.8751
G1 X276.2014 Y-175.6954
G1 X276.2374 Y-175.7652
G1 X278.7157 Y-180.5181
G1 X278.9095 Y-180.9026
; Retract
G1 Z3.0400 F2540

; Path 8
; Rapid to initial position
G1 X212.6003 Y-170.7170 F2540
G1 Z0.5000
; plunge
G1 Z-2.6750 F127
; cut
G1 X212.5993 Y-170.6956 F1016
G1 X212.5911 Y-170.6684
G1 X212.5759 Y-170.6352
G1 X212.5533 Y-170.5955
G1 X212.5233 Y-170.5493
G1 X212.4855 Y-170.4960
G1 X212.4400 Y-170.4355
G1 X212.3862 Y-170.3672
G1 X212.3242 Y-170.2907
G1 X212.2536 Y-170.2062
G1 X212.1743 Y-170.1129
G1 X211.7644 Y-169.6380
G1 X211.4436 Y-169.2633
G1 X211.1238 Y-168.8866
G1 X210.8055 Y-168.5084
G1 X210.4880 Y-168.1282
G1 X210.1718 Y-167.7462
G1 X209.8568 Y-167.3621
G1 X209.6996 Y-167.1696
G1 X209.3082 Y-166.6857
G1 X208.9963 Y-166.2968
G1 X208.6854 Y-165.9059
G1 X208.2985 Y-165.4147
G1 X207.9135 Y-164.9204
G1 X207.5302 Y-164.4233
G1 X207.2249 Y-164.0235
G1 X206.9206 Y-163.6220
G1 X206.6173 Y-163.2184
G1 X206.3153 Y-162.8130
G1 X205.9394 Y-162.3037
G1 X205.5652 Y-161.7914
G1 X205.1929 Y-161.2760
G1 X204.8962 Y-160.8618
G1 X204.6008 Y-160.4457
G1 X204.3064 Y-160.0276
G1 X204.0862 Y-159.7129
G1 X203.7939 Y-159.2915
G1 X203.5752 Y-158.9743
G1 X203.2122 Y-158.4429
G1 X202.8510 Y-157.9090
G1 X202.4916 Y-157.3718
G1 X202.1578 Y-156.8681
G1 X201.8741 Y-156.4361
G1 X201.6864 Y-156.1483
G1 X201.4070 Y-155.7165
G1 X201.2221 Y-155.4289
G1 X200.9470 Y-154.9977
G1 X200.5838 Y-154.4229
G1 X200.4040 Y-154.1356
G1 X200.1365 Y-153.7048
G1 X199.8713 Y-153.2743
G1 X199.6087 Y-152.8440
G1 X199.3489 Y-152.4140
G1 X199.0913 Y-151.9842
G1 X198.8363 Y-151.5547
G1 X198.5841 Y-151.1254
G1 X198.3341 Y-150.6964
G1 X198.1690 Y-150.4104
G1 X197.9234 Y-149.9819
G1 X197.7611 Y-149.6962
G1 X197.5198 Y-149.2682
G1 X197.3605 Y-148.9829
G1 X197.1236 Y-148.5552
G1 X196.9668 Y-148.2702
G1 X196.8114 Y-147.9855
G1 X196.6572 Y-147.7007
G1 X196.3519 Y-147.1318
G1 X196.1261 Y-146.7053
G1 X195.9770 Y-146.4213
G1 X195.7553 Y-145.9954
G1 X195.6090 Y-145.7117
G1 X195.3199 Y-145.1447
G1 X195.1060 Y-144.7198
G1 X194.9648 Y-144.4368
G1 X194.8249 Y-144.1539
G1 X194.6171 Y-143.7297
G1 X194.4119 Y-143.3060
G1 X194.1424 Y-142.7416
G1 X194.0093 Y-142.4597
G1 X193.8774 Y-142.1780
G1 X193.7466 Y-141.8963
G1 X193.6171 Y-141.6149
G1 X193.4888 Y-141.3337
G1 X193.2983 Y-140.9121
G1 X193.1104 Y-140.4907
G1 X192.9252 Y-140.0701
G1 X192.7426 Y-139.6497
G1 X192.6222 Y-139.3695
G1 X192.5030 Y-139.0896
G1 X192.3852 Y-138.8100
G1 X192.2683 Y-138.5306
G1 X192.0954 Y-138.1117
G1 X192.0382 Y-137.9723
G1 X191.9249 Y-137.6934
G1 X191.7573 Y-137.2753
G1 X191.6468 Y-136.9969
G1 X191.4835 Y-136.5796
G1 X191.3227 Y-136.1628
G1 X191.2170 Y-135.8852
G1 X191.0608 Y-135.4691
G1 X190.9069 Y-135.0536
G1 X190.7560 Y-134.6383
G1 X190.6074 Y-134.2238
G1 X190.4619 Y-133.8097
G1 X190.3186 Y-133.3960
G1 X190.2247 Y-133.1204
G1 X190.1320 Y-132.8453
G1 X189.9950 Y-132.4326
G1 X189.8607 Y-132.0206
G1 X189.7291 Y-131.6091
G1 X189.6003 Y-131.1984
G1 X189.5157 Y-130.9246
G1 X189.3913 Y-130.5146
G1 X189.2694 Y-130.1049
G1 X189.1502 Y-129.6960
G1 X189.0723 Y-129.4237
G1 X188.9956 Y-129.1514
G1 X188.8828 Y-128.7437
G1 X188.8089 Y-128.4722
G1 X188.7362 Y-128.2009
G1 X188.6649 Y-127.9299
G1 X188.5947 Y-127.6591
G1 X188.5257 Y-127.3886
G1 X188.4578 Y-127.1184
G1 X188.3913 Y-126.8484
G1 X188.3258 Y-126.5786
G1 X188.2300 Y-126.1748
G1 X188.1675 Y-125.9055
G1 X188.0761 Y-125.5024
G1 X188.0166 Y-125.2342
G1 X187.9298 Y-124.8321
G1 X187.8734 Y-124.5644
G1 X187.7911 Y-124.1633
G1 X187.7375 Y-123.8961
G1 X187.6598 Y-123.4961
G1 X187.6092 Y-123.2299
G1 X187.5358 Y-122.8308
G1 X187.4652 Y-122.4326
G1 X187.3974 Y-122.0348
G1 X187.3321 Y-121.6378
G1 X187.2856 Y-121.3442
G1 X187.2361 Y-121.0213
G1 X187.1883 Y-120.6990
G1 X187.1426 Y-120.3769
G1 X187.0984 Y-120.0556
G1 X187.0563 Y-119.7346
G1 X187.0159 Y-119.4138
G1 X186.9773 Y-119.0937
G1 X186.9404 Y-118.7740
G1 X186.9227 Y-118.6142
G1 X186.8886 Y-118.2952
G1 X186.8564 Y-117.9766
G1 X186.8114 Y-117.4996
G1 X186.7837 Y-117.1824
G1 X186.7578 Y-116.8654
G1 X186.7337 Y-116.5489
G1 X186.7116 Y-116.2332
G1 X186.7009 Y-116.0752
G1 X186.6814 Y-115.7602
G1 X186.6555 Y-115.2883
G1 X186.6405 Y-114.9744
G1 X186.6273 Y-114.6612
G1 X186.6158 Y-114.3483
G1 X186.6062 Y-114.0361
G1 X186.5986 Y-113.7242
G1 X186.5925 Y-113.4130
G1 X186.5884 Y-113.1024
G1 X186.5869 Y-112.9472
G1 X186.5856 Y-112.6373
G1 X186.5859 Y-112.3282
G1 X186.5881 Y-112.0196
G1 X186.5922 Y-111.7112
G1 X186.5948 Y-111.5576
G1 X186.6016 Y-111.2502
G1 X186.6100 Y-110.9436
G1 X186.6204 Y-110.6376
G1 X186.6262 Y-110.4847
G1 X186.6392 Y-110.1794
G1 X186.6542 Y-109.8748
G1 X186.6710 Y-109.5710
G1 X186.6798 Y-109.4191
G1 X186.6892 Y-109.2675
G1 X186.7096 Y-108.9647
G1 X186.7317 Y-108.6627
G1 X186.7558 Y-108.3612
G1 X186.7682 Y-108.2109
G1 X186.7949 Y-107.9101
G1 X186.8234 Y-107.6104
G1 X186.8536 Y-107.3112
G1 X186.8858 Y-107.0125
G1 X186.9196 Y-106.7145
G1 X186.9371 Y-106.5660
G1 X186.9740 Y-106.2690
G1 X186.9928 Y-106.1209
G1 X187.0321 Y-105.8250
G1 X187.0525 Y-105.6772
G1 X187.0733 Y-105.5296
G1 X187.1162 Y-105.2352
G1 X187.1383 Y-105.0882
G1 X187.1840 Y-104.7946
G1 X187.2074 Y-104.6483
G1 X187.2559 Y-104.3556
G1 X187.3059 Y-104.0641
G1 X187.3580 Y-103.7730
G1 X187.3847 Y-103.6277
G1 X187.4393 Y-103.3379
G1 X187.4959 Y-103.0486
G1 X187.5541 Y-102.7600
G1 X187.6143 Y-102.4725
G1 X187.6450 Y-102.3287
G1 X187.7078 Y-102.0422
G1 X187.7698 Y-101.7687
G1 X187.8302 Y-101.5081
G1 X187.8609 Y-101.3777
G1 X187.9237 Y-101.1179
G1 X188.0207 Y-100.7288
G1 X188.0873 Y-100.4700
G1 X188.1553 Y-100.2116
G1 X188.2249 Y-99.9538
G1 X188.2958 Y-99.6965
G1 X188.3682 Y-99.4395
G1 X188.4050 Y-99.3112
G1 X188.4799 Y-99.0549
G1 X188.5561 Y-98.7994
G1 X188.5947 Y-98.6716
G1 X188.7129 Y-98.2891
G1 X188.7530 Y-98.1619
G1 X188.8345 Y-97.9079
G1 X188.9173 Y-97.6544
G1 X189.0019 Y-97.4011
G1 X189.0878 Y-97.1487
G1 X189.1312 Y-97.0224
G1 X189.2193 Y-96.7704
G1 X189.2638 Y-96.6447
G1 X189.3542 Y-96.3935
G1 X189.3999 Y-96.2680
G1 X189.4924 Y-96.0178
G1 X189.5866 Y-95.7677
G1 X189.6821 Y-95.5182
G1 X189.7791 Y-95.2693
G1 X189.8774 Y-95.0209
G1 X189.9775 Y-94.7730
G1 X190.0789 Y-94.5256
G1 X190.1817 Y-94.2784
G1 X190.2861 Y-94.0321
G1 X190.3920 Y-93.7862
G1 X190.4992 Y-93.5408
G1 X190.6082 Y-93.2957
G1 X190.7184 Y-93.0514
G1 X190.8302 Y-92.8075
G1 X190.9435 Y-92.5642
G1 X191.0580 Y-92.3214
G1 X191.1741 Y-92.0788
G1 X191.2917 Y-91.8370
G1 X191.4108 Y-91.5957
G1 X191.5315 Y-91.3549
G1 X191.5922 Y-91.2348
G1 X191.7151 Y-90.9947
G1 X191.9018 Y-90.6358
G1 X192.0283 Y-90.3971
G1 X192.0921 Y-90.2780
G1 X192.2856 Y-89.9213
G1 X192.4164 Y-89.6844
G1 X192.5488 Y-89.4479
G1 X192.6153 Y-89.3298
G1 X192.8175 Y-88.9765
G1 X192.9541 Y-88.7415
G1 X193.0923 Y-88.5071
G1 X193.2320 Y-88.2734
G1 X193.3730 Y-88.0400
G1 X193.5155 Y-87.8073
G1 X193.6593 Y-87.5751
G1 X193.8048 Y-87.3435
G1 X193.9516 Y-87.1123
G1 X194.0255 Y-86.9970
G1 X194.2495 Y-86.6518
G1 X194.3250 Y-86.5370
G1 X194.4769 Y-86.3079
G1 X194.6633 Y-86.0308
G1 X194.7741 Y-85.8680
G1 X194.8856 Y-85.7054
G1 X194.9981 Y-85.5429
G1 X195.1116 Y-85.3803
G1 X195.2259 Y-85.2180
G1 X195.3412 Y-85.0560
G1 X195.4573 Y-84.8939
G1 X195.5744 Y-84.7319
G1 X195.8111 Y-84.4085
G1 X195.9310 Y-84.2470
G1 X196.0517 Y-84.0857
G1 X196.1731 Y-83.9246
G1 X196.2955 Y-83.7634
G1 X196.4187 Y-83.6026
G1 X196.5427 Y-83.4418
G1 X196.6676 Y-83.2813
G1 X196.7936 Y-83.1207
G1 X197.0479 Y-82.8004
G1 X197.1761 Y-82.6407
G1 X197.3054 Y-82.4809
G1 X197.4355 Y-82.3214
G1 X197.5665 Y-82.1619
G1 X197.6981 Y-82.0029
G1 X197.8309 Y-81.8439
G1 X197.9643 Y-81.6851
G1 X198.0984 Y-81.5264
G1 X198.2335 Y-81.3681
G1 X198.3694 Y-81.2099
G1 X198.6437 Y-80.8939
G1 X198.7822 Y-80.7364
G1 X198.9214 Y-80.5790
G1 X199.0613 Y-80.4220
G1 X199.2020 Y-80.2650
G1 X199.3435 Y-80.1083
G1 X199.4860 Y-79.9518
G1 X199.6290 Y-79.7956
G1 X199.7730 Y-79.6394
G1 X199.9178 Y-79.4837
G1 X200.0634 Y-79.3283
G1 X200.2097 Y-79.1728
G1 X200.3567 Y-79.0179
G1 X200.5046 Y-78.8629
G1 X200.6531 Y-78.7085
G1 X200.8025 Y-78.5541
G1 X200.9526 Y-78.4001
G1 X201.1035 Y-78.2462
G1 X201.2551 Y-78.0928
G1 X201.4075 Y-77.9396
G1 X201.5607 Y-77.7865
G1 X201.7144 Y-77.6338
G1 X201.8690 Y-77.4814
G1 X202.0245 Y-77.3293
G1 X202.1804 Y-77.1774
G1 X202.3374 Y-77.0258
G1 X202.4949 Y-76.8744
G1 X202.6531 Y-76.7235
G1 X202.8121 Y-76.5726
G1 X202.9719 Y-76.4222
G1 X203.1322 Y-76.2721
G1 X203.2932 Y-76.1225
G1 X203.4553 Y-75.9729
G1 X203.6176 Y-75.8238
G1 X203.7809 Y-75.6747
G1 X203.9447 Y-75.5264
G1 X204.1096 Y-75.3781
G1 X204.2747 Y-75.2302
G1 X204.4408 Y-75.0827
G1 X204.6074 Y-74.9353
G1 X204.7748 Y-74.7883
G1 X204.9429 Y-74.6417
G1 X205.1116 Y-74.4954
G1 X205.2810 Y-74.3496
G1 X205.4509 Y-74.2041
G1 X205.6216 Y-74.0588
G1 X205.7931 Y-73.9140
G1 X205.9650 Y-73.7695
G1 X206.1378 Y-73.6252
G1 X206.3110 Y-73.4814
G1 X206.6597 Y-73.1949
G1 X207.0108 Y-72.9099
G1 X207.3646 Y-72.6265
G1 X207.5424 Y-72.4852
G1 X207.7207 Y-72.3445
G1 X207.8998 Y-72.2041
G1 X208.0793 Y-72.0641
G1 X208.2597 Y-71.9244
G1 X208.4405 Y-71.7852
G1 X208.6219 Y-71.6465
G1 X208.8040 Y-71.5081
G1 X208.9866 Y-71.3702
G1 X209.1698 Y-71.2325
G1 X209.3537 Y-71.0954
G1 X209.5381 Y-70.9587
G1 X209.7232 Y-70.8223
G1 X209.9086 Y-70.6864
G1 X210.0948 Y-70.5508
G1 X210.4690 Y-70.2813
G1 X210.6569 Y-70.1469
G1 X211.0344 Y-69.8800
G1 X211.2239 Y-69.7471
G1 X211.6049 Y-69.4827
G1 X211.7961 Y-69.3511
G1 X211.9879 Y-69.2201
G1 X212.1802 Y-69.0895
G1 X212.5662 Y-68.8297
G1 X212.9546 Y-68.5719
G1 X213.1497 Y-68.4436
G1 X213.3453 Y-68.3158
G1 X213.5411 Y-68.1886
G1 X213.7377 Y-68.0618
G1 X213.9348 Y-67.9356
G1 X214.1322 Y-67.8099
G1 X214.3303 Y-67.6844
G1 X214.5289 Y-67.5597
G1 X214.7278 Y-67.4355
G1 X215.1286 Y-67.1871
G1 X215.4659 Y-66.9765
G1 X215.6043 Y-66.8889
G1 X215.7242 Y-66.8119
G1 X215.8266 Y-66.7448
G1 X215.9127 Y-66.6869
G1 X215.9836 Y-66.6372
G1 X216.0405 Y-66.5950
G1 X216.0844 Y-66.5592
G1 X216.1164 Y-66.5292
G1 X216.1377 Y-66.5043
G1 X216.1497 Y-66.4835
G1 X216.1530 Y-66.4660
G1 X216.1492 Y-66.4510
G1 X216.1393 Y-66.4378
G1 X216.1014 Y-66.4289
G1 X216.1014 Y-66.4289
G1 X216.0875 Y-66.4307
G1 X216.0707 Y-66.4334
G1 X216.0511 Y-66.4380
G1 X216.0290 Y-66.4439
G1 X216.0036 Y-66.4515
G1 X215.9429 Y-66.4718
G1 X215.9071 Y-66.4848
G1 X215.8243 Y-66.5165
G1 X215.7245 Y-66.5566
G1 X215.6066 Y-66.6059
G1 X215.4690 Y-66.6646
G1 X215.3102 Y-66.7337
G1 X215.1289 Y-66.8134
G1 X214.5665 Y-67.0649
G1 X213.6597 Y-67.4751
G1 X212.9795 Y-67.7850
G1 X212.2183 Y-68.1355
G1 X211.4484 Y-68.4936
G1 X210.8012 Y-68.7977
G1 X210.0184 Y-69.1688
G1 X209.4934 Y-69.4197
G1 X208.7019 Y-69.8010
G1 X208.1723 Y-70.0580
G1 X207.6412 Y-70.3174
G1 X207.1091 Y-70.5787
G1 X206.1764 Y-71.0405
G1 X205.3768 Y-71.4403
G1 X204.5777 Y-71.8431
G1 X203.7806 Y-72.2485
G1 X203.1185 Y-72.5879
G1 X202.3278 Y-72.9963
G1 X201.5419 Y-73.4057
G1 X200.7621 Y-73.8157
G1 X200.1177 Y-74.1571
G1 X199.3519 Y-74.5663
G1 X198.7207 Y-74.9064
G1 X198.2206 Y-75.1776
G1 X197.7253 Y-75.4482
G1 X196.9922 Y-75.8518
G1 X196.7474 Y-75.9874
G1 X195.8848 Y-76.4687
G1 X195.0275 Y-76.9521
G1 X194.2973 Y-77.3679
G1 X193.4507 Y-77.8546
G1 X192.8495 Y-78.2033
G1 X192.2511 Y-78.5531
G1 X191.4185 Y-79.0440
G1 X190.7096 Y-79.4662
G1 X190.0050 Y-79.8896
G1 X189.1886 Y-80.3852
G1 X188.8406 Y-80.5978
G1 X188.3783 Y-80.8820
G1 X188.0332 Y-81.0953
G1 X187.3458 Y-81.5231
G1 X186.7766 Y-81.8802
G1 X186.3235 Y-82.1665
G1 X185.6478 Y-82.5967
G1 X185.2000 Y-82.8840
G1 X184.6433 Y-83.2439
G1 X183.8693 Y-83.7486
G1 X183.2115 Y-84.1822
G1 X182.7754 Y-84.4718
G1 X182.2336 Y-84.8342
G1 X181.6951 Y-85.1972
G1 X181.0535 Y-85.6336
G1 X180.5226 Y-85.9978
G1 X180.2059 Y-86.2165
G1 X179.6809 Y-86.5815
G1 X179.2633 Y-86.8738
G1 X178.7446 Y-87.2396
G1 X178.2298 Y-87.6059
G1 X177.8203 Y-87.8992
G1 X177.3118 Y-88.2663
G1 X176.8071 Y-88.6336
G1 X176.2064 Y-89.0750
G1 X175.5125 Y-89.5906
G1 X175.0215 Y-89.9592
G1 X174.6311 Y-90.2543
G1 X174.1470 Y-90.6236
G1 X173.8582 Y-90.8451
G1 X173.5709 Y-91.0669
G1 X173.0954 Y-91.4367
G1 X172.8117 Y-91.6587
G1 X172.2491 Y-92.1029
G1 X171.7843 Y-92.4733
G1 X171.4155 Y-92.7697
G1 X170.9583 Y-93.1405
G1 X170.5049 Y-93.5114
G1 X170.2349 Y-93.7339
G1 X169.7881 Y-94.1050
G1 X169.4335 Y-94.4019
G1 X169.0934 Y-94.6892
G1 X168.7558 Y-94.9762
G1 X168.4203 Y-95.2637
G1 X168.0873 Y-95.5512
G1 X167.7568 Y-95.8388
G1 X167.4284 Y-96.1266
G1 X167.1028 Y-96.4146
G1 X166.7792 Y-96.7026
G1 X166.4581 Y-96.9907
G1 X166.1394 Y-97.2790
G1 X165.8231 Y-97.5672
G1 X165.5092 Y-97.8558
G1 X165.3532 Y-98.0001
G1 X165.0428 Y-98.2889
G1 X164.8887 Y-98.4331
G1 X164.7350 Y-98.5777
G1 X164.4294 Y-98.8665
G1 X164.1264 Y-99.1555
G1 X163.9758 Y-99.3000
G1 X163.6763 Y-99.5891
G1 X163.3794 Y-99.8784
G1 X163.0848 Y-100.1677
G1 X162.9382 Y-100.3125
G1 X162.6474 Y-100.6018
G1 X162.5026 Y-100.7466
G1 X162.2153 Y-101.0361
G1 X161.9303 Y-101.3259
G1 X161.7889 Y-101.4707
G1 X161.5077 Y-101.7605
G1 X161.2288 Y-102.0503
G1 X161.0901 Y-102.1954
G1 X160.8150 Y-102.4852
G1 X160.5422 Y-102.7753
G1 X160.2720 Y-103.0653
G1 X160.0040 Y-103.3556
G1 X159.7386 Y-103.6457
G1 X159.4757 Y-103.9360
G1 X159.3451 Y-104.0811
G1 X159.0858 Y-104.3716
G1 X158.8290 Y-104.6620
G1 X158.7015 Y-104.8070
G1 X158.4485 Y-105.0976
G1 X158.3228 Y-105.2429
G1 X158.0733 Y-105.5334
G1 X157.9496 Y-105.6785
G1 X157.7038 Y-105.9691
G1 X157.5819 Y-106.1143
G1 X157.3398 Y-106.4052
G1 X157.1003 Y-106.6957
G1 X156.9814 Y-106.8410
G1 X156.7457 Y-107.1316
G1 X156.5123 Y-107.4224
G1 X156.2814 Y-107.7130
G1 X156.0530 Y-108.0038
G1 X155.9397 Y-108.1491
G1 X155.7152 Y-108.4400
G1 X155.6037 Y-108.5853
G1 X155.3830 Y-108.8761
G1 X155.2735 Y-109.0214
G1 X155.0563 Y-109.3122
G1 X154.9486 Y-109.4575
G1 X154.7353 Y-109.7483
G1 X154.6296 Y-109.8936
G1 X154.4198 Y-110.1844
G1 X154.3159 Y-110.3297
G1 X154.1102 Y-110.6206
G1 X154.0081 Y-110.7658
G1 X153.9067 Y-110.9111
G1 X153.7061 Y-111.2020
G1 X153.6065 Y-111.3473
G1 X153.4094 Y-111.6378
G1 X153.2148 Y-111.9287
G1 X153.0228 Y-112.2192
G1 X152.9278 Y-112.3645
G1 X152.7396 Y-112.6551
G1 X152.5539 Y-112.9457
G1 X152.3825 Y-113.2180
G1 X152.2120 Y-113.4920
G1 X152.1275 Y-113.6297
G1 X151.9596 Y-113.9060
G1 X151.8760 Y-114.0447
G1 X151.7929 Y-114.1839
G1 X151.6281 Y-114.4631
G1 X151.4648 Y-114.7435
G1 X151.3837 Y-114.8839
G1 X151.2232 Y-115.1659
G1 X151.1435 Y-115.3074
G1 X150.9857 Y-115.5906
G1 X150.8295 Y-115.8745
G1 X150.6756 Y-116.1590
G1 X150.5234 Y-116.4440
G1 X150.3736 Y-116.7295
G1 X150.2994 Y-116.8723
G1 X150.1526 Y-117.1583
G1 X150.0800 Y-117.3010
G1 X149.9365 Y-117.5870
G1 X149.8656 Y-117.7300
G1 X149.7256 Y-118.0155
G1 X149.5882 Y-118.3010
G1 X149.5201 Y-118.4438
G1 X149.3863 Y-118.7285
G1 X149.3202 Y-118.8707
G1 X149.1902 Y-119.1547
G1 X149.0627 Y-119.4382
G1 X149.0000 Y-119.5794
G1 X148.8768 Y-119.8613
G1 X148.8161 Y-120.0020
G1 X148.6967 Y-120.2825
G1 X148.5803 Y-120.5616
G1 X148.5232 Y-120.7008
G1 X148.4668 Y-120.8397
G1 X148.4112 Y-120.9782
G1 X148.3563 Y-121.1163
G1 X148.3022 Y-121.2540
G1 X148.2489 Y-121.3912
G1 X148.1963 Y-121.5281
G1 X148.0934 Y-121.8006
G1 X148.0431 Y-121.9363
G1 X147.9855 Y-122.0940
G1 X147.9286 Y-122.2515
G1 X147.8722 Y-122.4092
G1 X147.8168 Y-122.5669
G1 X147.7622 Y-122.7244
G1 X147.6550 Y-123.0394
G1 X147.5509 Y-123.3543
G1 X147.4498 Y-123.6690
G1 X147.4003 Y-123.8265
G1 X147.3518 Y-123.9838
G1 X147.3037 Y-124.1412
G1 X147.2565 Y-124.2985
G1 X147.2100 Y-124.4557
G1 X147.1196 Y-124.7699
G1 X147.0754 Y-124.9271
G1 X147.0320 Y-125.0841
G1 X146.9893 Y-125.2413
G1 X146.9474 Y-125.3983
G1 X146.9062 Y-125.5552
G1 X146.8260 Y-125.8692
G1 X146.7871 Y-126.0262
G1 X146.7490 Y-126.1831
G1 X146.7117 Y-126.3399
G1 X146.6748 Y-126.4968
G1 X146.6037 Y-126.8103
G1 X146.5356 Y-127.1237
G1 X146.4706 Y-127.4369
G1 X146.4086 Y-127.7503
G1 X146.3787 Y-127.9068
G1 X146.3495 Y-128.0632
G1 X146.2936 Y-128.3762
G1 X146.2667 Y-128.5326
G1 X146.2405 Y-128.6891
G1 X146.2151 Y-128.8453
G1 X146.1905 Y-129.0018
G1 X146.1666 Y-129.1580
G1 X146.1435 Y-129.3142
G1 X146.0993 Y-129.6266
G1 X146.0784 Y-129.7828
G1 X146.0584 Y-129.9390
G1 X146.0203 Y-130.2512
G1 X145.9852 Y-130.5634
G1 X145.9532 Y-130.8753
G1 X145.9243 Y-131.1872
G1 X145.9108 Y-131.3431
G1 X145.8984 Y-131.4988
G1 X145.8864 Y-131.6548
G1 X145.8752 Y-131.8105
G1 X145.8648 Y-131.9662
G1 X145.8465 Y-132.2776
G1 X145.8384 Y-132.4333
G1 X145.8311 Y-132.5890
G1 X145.8244 Y-132.7445
G1 X145.8133 Y-133.0556
G1 X145.8090 Y-133.2113
G1 X145.8054 Y-133.3668
G1 X145.8026 Y-133.5222
G1 X145.7990 Y-133.8331
G1 X145.7985 Y-133.9883
G1 X145.7988 Y-134.1437
G1 X145.7996 Y-134.2989
G1 X145.8013 Y-134.4544
G1 X145.8036 Y-134.6096
G1 X145.8067 Y-134.7648
G1 X145.8153 Y-135.0752
G1 X145.8270 Y-135.3853
G1 X145.8338 Y-135.5405
G1 X145.8415 Y-135.6954
G1 X145.8498 Y-135.8504
G1 X145.8590 Y-136.0053
G1 X145.8689 Y-136.1603
G1 X145.8796 Y-136.3152
G1 X145.8910 Y-136.4701
G1 X145.9032 Y-136.6251
G1 X145.9161 Y-136.7800
G1 X145.9299 Y-136.9347
G1 X145.9443 Y-137.0894
G1 X145.9596 Y-137.2443
G1 X145.9753 Y-137.3990
G1 X145.9921 Y-137.5537
G1 X146.0096 Y-137.7084
G1 X146.0276 Y-137.8628
G1 X146.0663 Y-138.1722
G1 X146.1079 Y-138.4811
G1 X146.1300 Y-138.6357
G1 X146.1526 Y-138.7902
G1 X146.1760 Y-138.9446
G1 X146.2253 Y-139.2532
G1 X146.2509 Y-139.4076
G1 X146.2773 Y-139.5618
G1 X146.3045 Y-139.7163
G1 X146.3614 Y-140.0246
G1 X146.3909 Y-140.1788
G1 X146.4518 Y-140.4871
G1 X146.4836 Y-140.6413
G1 X146.5161 Y-140.7952
G1 X146.5494 Y-140.9494
G1 X146.6179 Y-141.2573
G1 X146.6535 Y-141.4115
G1 X146.6898 Y-141.5654
G1 X146.7267 Y-141.7190
G1 X146.8029 Y-142.0269
G1 X146.8422 Y-142.1808
G1 X146.8821 Y-142.3345
G1 X146.9644 Y-142.6421
G1 X147.0066 Y-142.7958
G1 X147.0934 Y-143.1031
G1 X147.1379 Y-143.2565
G1 X147.1831 Y-143.4102
G1 X147.2291 Y-143.5638
G1 X147.2758 Y-143.7173
G1 X147.3233 Y-143.8707
G1 X147.3716 Y-144.0243
G1 X147.4206 Y-144.1778
G1 X147.4704 Y-144.3312
G1 X147.5209 Y-144.4846
G1 X147.5722 Y-144.6380
G1 X147.6769 Y-144.9446
G1 X147.7305 Y-145.0978
G1 X147.7848 Y-145.2512
G1 X147.8397 Y-145.4043
G1 X147.9520 Y-145.7107
G1 X148.0673 Y-146.0170
G1 X148.1856 Y-146.3230
G1 X148.3070 Y-146.6291
G1 X148.3688 Y-146.7820
G1 X148.4313 Y-146.9349
G1 X148.5588 Y-147.2408
G1 X148.6235 Y-147.3937
G1 X148.6891 Y-147.5463
G1 X148.7554 Y-147.6992
G1 X148.8224 Y-147.8519
G1 X148.8902 Y-148.0048
G1 X148.9588 Y-148.1574
G1 X149.0980 Y-148.4627
G1 X149.1689 Y-148.6154
G1 X149.2405 Y-148.7681
G1 X149.3858 Y-149.0731
G1 X149.4597 Y-149.2258
G1 X149.6096 Y-149.5306
G1 X149.7625 Y-149.8354
G1 X149.9184 Y-150.1402
G1 X149.9974 Y-150.2926
G1 X150.1579 Y-150.5971
G1 X150.2392 Y-150.7493
G1 X150.3213 Y-150.9017
G1 X150.4041 Y-151.0538
G1 X150.5722 Y-151.3581
G1 X150.6573 Y-151.5102
G1 X150.7432 Y-151.6621
G1 X150.8298 Y-151.8143
G1 X150.9171 Y-151.9664
G1 X151.0939 Y-152.2702
G1 X151.1836 Y-152.4224
G1 X151.2740 Y-152.5742
G1 X151.3652 Y-152.7261
G1 X151.4569 Y-152.8778
G1 X151.5496 Y-153.0297
G1 X151.6431 Y-153.1816
G1 X151.7371 Y-153.3332
G1 X151.8321 Y-153.4851
G1 X151.9276 Y-153.6367
G1 X152.0241 Y-153.7886
G1 X152.1211 Y-153.9403
G1 X152.3177 Y-154.2435
G1 X152.5171 Y-154.5466
G1 X152.6182 Y-154.6982
G1 X152.8221 Y-155.0012
G1 X152.9253 Y-155.1526
G1 X153.0292 Y-155.3040
G1 X153.1338 Y-155.4554
G1 X153.2392 Y-155.6068
G1 X153.3454 Y-155.7581
G1 X153.4523 Y-155.9095
G1 X153.6685 Y-156.2120
G1 X153.8874 Y-156.5145
G1 X153.9982 Y-156.6657
G1 X154.2217 Y-156.9679
G1 X154.3347 Y-157.1191
G1 X154.5628 Y-157.4213
G1 X154.7939 Y-157.7233
G1 X155.0281 Y-158.0251
G1 X155.1462 Y-158.1762
G1 X155.3850 Y-158.4780
G1 X155.5054 Y-158.6288
G1 X155.7485 Y-158.9303
G1 X155.8714 Y-159.0812
G1 X155.9949 Y-159.2318
G1 X156.2440 Y-159.5333
G1 X156.3698 Y-159.6840
G1 X156.6233 Y-159.9852
G1 X156.7513 Y-160.1358
G1 X156.8801 Y-160.2864
G1 X157.1399 Y-160.5874
G1 X157.2707 Y-160.7378
G1 X157.5351 Y-161.0388
G1 X157.6682 Y-161.1892
G1 X157.8935 Y-161.4411
G1 X157.9928 Y-161.5501
G1 X158.2130 Y-161.7886
G1 X158.3332 Y-161.9171
G1 X158.5905 Y-162.1902
G1 X158.8681 Y-162.4815
G1 X159.1620 Y-162.7871
G1 X159.4683 Y-163.1031
G1 X159.6248 Y-163.2638
G1 X159.9425 Y-163.5882
G1 X160.2633 Y-163.9136
G1 X160.5831 Y-164.2356
G1 X160.8981 Y-164.5506
G1 X161.0525 Y-164.7043
G1 X161.3532 Y-165.0014
G1 X161.6398 Y-165.2819
G1 X161.9082 Y-165.5417
G1 X162.0345 Y-165.6629
G1 X162.1549 Y-165.7772
G1 X162.6489 Y-166.2407
G1 X163.1447 Y-166.7032
G1 X163.3698 Y-166.9113
G1 X163.5478 Y-167.0738
G1 X163.6852 Y-167.1963
G1 X163.7574 Y-167.2582
G1 X163.7881 Y-167.2839
G1 X163.8407 Y-167.3261
G1 X163.8628 Y-167.3428
G1 X163.8826 Y-167.3568
G1 X163.9153 Y-167.3781
G1 X163.9291 Y-167.3855
G1 X163.9413 Y-167.3911
G1 X163.9522 Y-167.3951
G1 X163.9618 Y-167.3977
G1 X163.9707 Y-167.3992
G1 X163.9791 Y-167.3995
G1 X163.9913 Y-167.3926
G1 X164.0101 Y-167.3723
G1 X164.0355 Y-167.3390
G1 X164.0667 Y-167.2938
G1 X164.1038 Y-167.2374
G1 X164.1460 Y-167.1701
G1 X164.1930 Y-167.0926
G1 X164.2443 Y-167.0060
G1 X164.2996 Y-166.9108
G1 X164.3588 Y-166.8076
G1 X164.4858 Y-166.5803
G1 X164.5534 Y-166.4574
G1 X164.6227 Y-166.3291
G1 X164.6936 Y-166.1965
G1 X164.7657 Y-166.0601
G1 X165.4691 Y-164.7208
G1 X165.2539 Y-164.0296
G1 X165.2146 Y-163.9016
G1 X165.1759 Y-163.7741
G1 X165.1384 Y-163.6471
G1 X165.1015 Y-163.5204
G1 X165.0657 Y-163.3944
G1 X165.0309 Y-163.2689
G1 X164.9969 Y-163.1437
G1 X164.9639 Y-163.0192
G1 X164.9316 Y-162.8953
G1 X164.9004 Y-162.7721
G1 X164.8701 Y-162.6492
G1 X164.8407 Y-162.5270
G1 X164.8122 Y-162.4053
G1 X164.7848 Y-162.2842
G1 X164.7581 Y-162.1638
G1 X164.7325 Y-162.0439
G1 X164.7076 Y-161.9245
G1 X164.6837 Y-161.8059
G1 X164.6608 Y-161.6878
G1 X164.6390 Y-161.5704
G1 X164.6179 Y-161.4538
G1 X164.5978 Y-161.3378
G1 X164.5785 Y-161.2224
G1 X164.5602 Y-161.1079
G1 X164.5430 Y-160.9938
G1 X164.5265 Y-160.8806
G1 X164.4965 Y-160.6560
G1 X164.4830 Y-160.5450
G1 X164.4703 Y-160.4345
G1 X164.4587 Y-160.3251
G1 X164.4480 Y-160.2161
G1 X164.4381 Y-160.1079
G1 X164.4292 Y-160.0007
G1 X164.4213 Y-159.8940
G1 X164.4142 Y-159.7884
G1 X164.4081 Y-159.6832
G1 X164.4030 Y-159.5791
G1 X164.3990 Y-159.4757
G1 X164.3957 Y-159.3733
G1 X164.3934 Y-159.2717
G1 X164.3921 Y-159.1709
G1 X164.3916 Y-159.0708
G1 X164.3924 Y-158.9717
G1 X164.3939 Y-158.8734
G1 X164.3962 Y-158.7762
G1 X164.3997 Y-158.6796
G1 X164.4040 Y-158.5841
G1 X164.4094 Y-158.4894
G1 X164.4157 Y-158.3957
G1 X164.4228 Y-158.3030
G1 X164.4312 Y-158.2110
G1 X164.4404 Y-158.1201
G1 X164.4505 Y-158.0302
G1 X164.4614 Y-157.9413
G1 X164.4734 Y-157.8531
G1 X164.4866 Y-157.7663
G1 X164.5006 Y-157.6802
G1 X164.5153 Y-157.5951
G1 X164.5313 Y-157.5110
G1 X164.5481 Y-157.4279
G1 X164.5658 Y-157.3461
G1 X164.5846 Y-157.2651
G1 X164.6044 Y-157.1851
G1 X164.6606 Y-156.9806
G1 X164.7236 Y-156.7810
G1 X164.7932 Y-156.5864
G1 X164.8696 Y-156.3967
G1 X164.9524 Y-156.2123
G1 X165.0421 Y-156.0327
G1 X165.1381 Y-155.8585
G1 X165.2407 Y-155.6896
G1 X165.3497 Y-155.5255
G1 X165.4650 Y-155.3670
G1 X165.5869 Y-155.2136
G1 X165.7149 Y-155.0657
G1 X165.8490 Y-154.9230
G1 X165.9895 Y-154.7858
G1 X166.1363 Y-154.6540
G1 X166.2890 Y-154.5278
G1 X166.4480 Y-154.4069
G1 X166.6128 Y-154.2915
G1 X166.7835 Y-154.1821
G1 X166.9603 Y-154.0779
G1 X167.1429 Y-153.9796
G1 X167.3314 Y-153.8872
G1 X167.5254 Y-153.8000
G1 X167.7256 Y-153.7190
G1 X167.9311 Y-153.6438
G1 X168.1424 Y-153.5742
G1 X168.3593 Y-153.5107
G1 X168.5818 Y-153.4531
G1 X168.8097 Y-153.4015
G1 X169.0431 Y-153.3558
G1 X169.2819 Y-153.3162
G1 X169.5262 Y-153.2826
G1 X169.6753 Y-153.2664
G1 X169.8437 Y-153.2527
G1 X170.0289 Y-153.2407
G1 X170.2285 Y-153.2311
G1 X170.4396 Y-153.2235
G1 X170.6601 Y-153.2181
G1 X170.8871 Y-153.2148
G1 X171.1185 Y-153.2136
G1 X171.3517 Y-153.2146
G1 X171.5836 Y-153.2176
G1 X171.8125 Y-153.2227
G1 X172.0352 Y-153.2301
G1 X172.2498 Y-153.2392
G1 X172.4533 Y-153.2509
G1 X172.6433 Y-153.2644
G1 X172.8173 Y-153.2799
G1 X172.9941 Y-153.2987
G1 X173.1724 Y-153.3190
G1 X173.4426 Y-153.3525
G1 X173.6247 Y-153.3769
G1 X173.8086 Y-153.4028
G1 X174.0873 Y-153.4447
G1 X174.2750 Y-153.4747
G1 X174.4645 Y-153.5062
G1 X174.7515 Y-153.5565
G1 X174.9448 Y-153.5920
G1 X175.2382 Y-153.6484
G1 X175.5348 Y-153.7084
G1 X175.7350 Y-153.7505
G1 X175.9364 Y-153.7940
G1 X176.2420 Y-153.8625
G1 X176.4480 Y-153.9103
G1 X176.6555 Y-153.9596
G1 X176.8645 Y-154.0104
G1 X177.0753 Y-154.0629
G1 X177.3949 Y-154.1450
G1 X177.6100 Y-154.2016
G1 X177.9359 Y-154.2898
G1 X178.1553 Y-154.3505
G1 X178.4878 Y-154.4447
G1 X178.7116 Y-154.5095
G1 X178.9372 Y-154.5760
G1 X179.2788 Y-154.6789
G1 X179.5087 Y-154.7495
G1 X179.7406 Y-154.8219
G1 X179.9740 Y-154.8958
G1 X180.3276 Y-155.0099
G1 X180.6852 Y-155.1277
G1 X180.9260 Y-155.2082
G1 X181.1685 Y-155.2905
G1 X181.4129 Y-155.3746
G1 X181.6590 Y-155.4602
G1 X182.0316 Y-155.5918
G1 X182.4086 Y-155.7271
G1 X182.6621 Y-155.8193
G1 X183.1749 Y-156.0091
G1 X183.5643 Y-156.1559
G1 X183.8264 Y-156.2557
G1 X184.2229 Y-156.4089
G1 X184.6237 Y-156.5656
G1 X185.0288 Y-156.7264
G1 X185.3014 Y-156.8356
G1 X185.7136 Y-157.0027
G1 X186.1304 Y-157.1737
G1 X186.5516 Y-157.3484
G1 X186.9770 Y-157.5270
G1 X187.2633 Y-157.6481
G1 X188.0715 Y-157.9943
G1 X188.6720 Y-158.2537
G1 X189.1198 Y-158.4488
G1 X189.5452 Y-158.6360
G1 X189.9547 Y-158.8181
G1 X190.2549 Y-158.9532
G1 X190.6506 Y-159.1333
G1 X190.9473 Y-159.2697
G1 X191.3479 Y-159.4564
G1 X191.7596 Y-159.6504
G1 X192.2993 Y-159.9082
G1 X192.9991 Y-160.2466
G1 X193.9135 Y-160.6939
G1 X195.0839 Y-161.2709
G1 X195.6857 Y-161.5699
G1 X196.4146 Y-161.9354
G1 X197.2742 Y-162.3708
G1 X198.0179 Y-162.7510
G1 X198.6422 Y-163.0726
G1 X199.2701 Y-163.3985
G1 X199.9013 Y-163.7281
G1 X200.9170 Y-164.2636
G1 X201.5554 Y-164.6029
G1 X202.4522 Y-165.0832
G1 X203.0946 Y-165.4299
G1 X203.7382 Y-165.7794
G1 X204.3829 Y-166.1317
G1 X205.0278 Y-166.4863
G1 X205.8020 Y-166.9148
G1 X206.3178 Y-167.2021
G1 X207.3483 Y-167.7802
G1 X208.2477 Y-168.2895
G1 X209.1439 Y-168.8010
G1 X210.0356 Y-169.3146
G1 X210.7961 Y-169.7561
G1 X211.3097 Y-170.0560
G1 X211.5688 Y-170.2067
G1 X212.0245 Y-170.4688
G1 X212.2099 Y-170.5740
G1 X212.3595 Y-170.6575
G1 X212.4677 Y-170.7164
G1 X212.5045 Y-170.7358
G1 X212.5289 Y-170.7477
G1 X212.5401 Y-170.7518
G1 X212.5645 Y-170.7500
G1 X212.5828 Y-170.7439
G1 X212.5950 Y-170.7330
G1 X212.6003 Y-170.7170
; Retract
G1 Z3.0400 F2540

; Path 9
; Rapid to initial position
G1 X212.0857 Y-170.3197 F2540
G1 Z0.5000
; plunge
G1 Z-2.6750 F127
; cut
G1 X212.0778 Y-170.3161 F1016
G1 X212.0273 Y-170.2885
G1 X211.8058 Y-170.1622
G1 X211.4560 Y-169.9600
G1 X210.6930 Y-169.5153
G1 X210.1576 Y-169.2067
G1 X209.0082 Y-168.5493
G1 X207.7334 Y-167.8257
G1 X207.1949 Y-167.5216
G1 X206.2081 Y-166.9679
G1 X205.5566 Y-166.6047
G1 X204.9102 Y-166.2463
G1 X204.2686 Y-165.8927
G1 X203.6321 Y-165.5437
G1 X202.6864 Y-165.0294
G1 X201.9071 Y-164.6090
G1 X201.1357 Y-164.1960
G1 X200.2203 Y-163.7104
G1 X199.6163 Y-163.3926
G1 X199.0174 Y-163.0794
G1 X198.5714 Y-162.8478
G1 X197.6879 Y-162.3926
G1 X196.9605 Y-162.0215
G1 X196.2407 Y-161.6578
G1 X195.6707 Y-161.3723
G1 X195.1055 Y-161.0916
G1 X194.4065 Y-160.7475
G1 X193.8528 Y-160.4775
G1 X193.1678 Y-160.1470
G1 X192.6255 Y-159.8877
G1 X192.2221 Y-159.6964
G1 X191.5561 Y-159.3837
G1 X190.8980 Y-159.0787
G1 X190.5069 Y-158.8991
G1 X189.9897 Y-158.6639
G1 X189.2239 Y-158.3202
G1 X188.5942 Y-158.0421
G1 X188.2203 Y-157.8788
G1 X187.8493 Y-157.7183
G1 X187.2371 Y-157.4566
G1 X186.8736 Y-157.3032
G1 X186.5130 Y-157.1526
G1 X185.9183 Y-156.9075
G1 X185.3316 Y-156.6700
G1 X184.8681 Y-156.4853
G1 X184.5236 Y-156.3500
G1 X184.1820 Y-156.2174
G1 X183.8434 Y-156.0876
G1 X183.5076 Y-155.9603
G1 X183.1749 Y-155.8359
G1 X182.8447 Y-155.7142
G1 X182.5178 Y-155.5951
G1 X182.1934 Y-155.4787
G1 X181.7654 Y-155.3279
G1 X181.4479 Y-155.2179
G1 X181.1335 Y-155.1107
G1 X180.8216 Y-155.0060
G1 X180.4104 Y-154.8709
G1 X180.2066 Y-154.8051
G1 X179.9036 Y-154.7089
G1 X179.5038 Y-154.5844
G1 X179.2077 Y-154.4945
G1 X179.0116 Y-154.4358
G1 X178.6235 Y-154.3225
G1 X178.3357 Y-154.2405
G1 X178.1454 Y-154.1874
G1 X177.9567 Y-154.1356
G1 X177.6758 Y-154.0601
G1 X177.4901 Y-154.0111
G1 X177.1226 Y-153.9171
G1 X176.8503 Y-153.8498
G1 X176.5808 Y-153.7851
G1 X176.3144 Y-153.7231
G1 X176.0510 Y-153.6639
G1 X175.7904 Y-153.6075
G1 X175.5325 Y-153.5537
G1 X175.3624 Y-153.5194
G1 X175.0888 Y-153.4663
G1 X174.9016 Y-153.4315
G1 X174.7159 Y-153.3980
G1 X174.5320 Y-153.3660
G1 X174.3497 Y-153.3355
G1 X174.1691 Y-153.3065
G1 X173.9900 Y-153.2791
G1 X173.8127 Y-153.2532
G1 X173.6369 Y-153.2288
G1 X173.4630 Y-153.2057
G1 X173.2905 Y-153.1844
G1 X173.1198 Y-153.1643
G1 X172.9506 Y-153.1457
G1 X172.7830 Y-153.1290
G1 X172.6171 Y-153.1135
G1 X172.4530 Y-153.0995
G1 X172.2902 Y-153.0871
G1 X172.1294 Y-153.0759
G1 X171.9699 Y-153.0665
G1 X171.8125 Y-153.0586
G1 X171.6562 Y-153.0520
G1 X171.5018 Y-153.0469
G1 X171.3489 Y-153.0436
G1 X171.1978 Y-153.0416
G1 X171.0482 Y-153.0411
G1 X170.9003 Y-153.0421
G1 X170.7540 Y-153.0447
G1 X170.6093 Y-153.0487
G1 X170.4660 Y-153.0540
G1 X170.3245 Y-153.0612
G1 X170.1848 Y-153.0695
G1 X170.0464 Y-153.0797
G1 X169.9097 Y-153.0911
G1 X169.7749 Y-153.1041
G1 X169.6413 Y-153.1188
G1 X169.5094 Y-153.1348
G1 X169.3794 Y-153.1523
G1 X169.2506 Y-153.1711
G1 X169.1236 Y-153.1917
G1 X168.9984 Y-153.2138
G1 X168.8744 Y-153.2372
G1 X168.7523 Y-153.2623
G1 X168.6316 Y-153.2887
G1 X168.5127 Y-153.3169
G1 X168.3951 Y-153.3464
G1 X168.2793 Y-153.3774
G1 X168.1653 Y-153.4099
G1 X168.0525 Y-153.4439
G1 X167.9415 Y-153.4795
G1 X167.8320 Y-153.5166
G1 X167.7241 Y-153.5549
G1 X167.6179 Y-153.5951
G1 X167.5130 Y-153.6365
G1 X167.4099 Y-153.6797
G1 X167.3083 Y-153.7241
G1 X167.2085 Y-153.7701
G1 X167.1099 Y-153.8178
G1 X167.0131 Y-153.8668
G1 X166.9179 Y-153.9174
G1 X166.8242 Y-153.9695
G1 X166.7322 Y-154.0231
G1 X166.6415 Y-154.0779
G1 X166.5526 Y-154.1346
G1 X166.4652 Y-154.1927
G1 X166.3629 Y-154.2656
G1 X166.2575 Y-154.3474
G1 X166.1498 Y-154.4371
G1 X166.0411 Y-154.5336
G1 X165.9318 Y-154.6362
G1 X165.8229 Y-154.7437
G1 X165.7152 Y-154.8554
G1 X165.6095 Y-154.9705
G1 X165.5067 Y-155.0878
G1 X165.4071 Y-155.2067
G1 X165.3121 Y-155.3263
G1 X165.2224 Y-155.4455
G1 X165.1386 Y-155.5633
G1 X165.0616 Y-155.6791
G1 X164.9923 Y-155.7917
G1 X164.9316 Y-155.9006
G1 X164.8874 Y-155.9860
G1 X164.8447 Y-156.0728
G1 X164.8036 Y-156.1607
G1 X164.7637 Y-156.2501
G1 X164.7253 Y-156.3408
G1 X164.6885 Y-156.4330
G1 X164.6532 Y-156.5262
G1 X164.6192 Y-156.6210
G1 X164.5869 Y-156.7167
G1 X164.5557 Y-156.8140
G1 X164.5262 Y-156.9126
G1 X164.4980 Y-157.0124
G1 X164.4714 Y-157.1135
G1 X164.4462 Y-157.2158
G1 X164.4223 Y-157.3195
G1 X164.4002 Y-157.4241
G1 X164.3794 Y-157.5303
G1 X164.3598 Y-157.6377
G1 X164.3421 Y-157.7464
G1 X164.3256 Y-157.8562
G1 X164.3103 Y-157.9674
G1 X164.2969 Y-158.0797
G1 X164.2847 Y-158.1935
G1 X164.2740 Y-158.3083
G1 X164.2648 Y-158.4244
G1 X164.2570 Y-158.5415
G1 X164.2506 Y-158.6601
G1 X164.2458 Y-158.7797
G1 X164.2425 Y-158.9006
G1 X164.2405 Y-159.0228
G1 X164.2400 Y-159.1462
G1 X164.2410 Y-159.2707
G1 X164.2433 Y-159.3964
G1 X164.2473 Y-159.5232
G1 X164.2527 Y-159.6512
G1 X164.2593 Y-159.7805
G1 X164.2676 Y-159.9110
G1 X164.2773 Y-160.0426
G1 X164.2882 Y-160.1752
G1 X164.3009 Y-160.3093
G1 X164.3149 Y-160.4442
G1 X164.3304 Y-160.5806
G1 X164.3474 Y-160.7177
G1 X164.3657 Y-160.8564
G1 X164.3855 Y-160.9959
G1 X164.4068 Y-161.1368
G1 X164.4297 Y-161.2786
G1 X164.4538 Y-161.4216
G1 X164.4795 Y-161.5658
G1 X164.5067 Y-161.7111
G1 X164.5351 Y-161.8574
G1 X164.5651 Y-162.0050
G1 X164.5966 Y-162.1536
G1 X164.6296 Y-162.3032
G1 X164.6639 Y-162.4538
G1 X164.6997 Y-162.6057
G1 X164.7370 Y-162.7586
G1 X164.7756 Y-162.9128
G1 X164.8158 Y-163.0677
G1 X164.8574 Y-163.2240
G1 X164.9006 Y-163.3812
G1 X164.9451 Y-163.5394
G1 X164.9910 Y-163.6989
G1 X165.0385 Y-163.8592
G1 X165.2933 Y-164.7104
G1 X164.6329 Y-165.9781
G1 X163.9730 Y-167.2460
G1 X163.5003 Y-166.8193
G1 X163.3106 Y-166.6464
G1 X163.0243 Y-166.3830
G1 X162.7365 Y-166.1152
G1 X162.4472 Y-165.8437
G1 X162.1572 Y-165.5684
G1 X161.8666 Y-165.2902
G1 X161.4795 Y-164.9153
G1 X161.1899 Y-164.6319
G1 X160.9014 Y-164.3466
G1 X160.7099 Y-164.1561
G1 X160.3296 Y-163.7739
G1 X160.1409 Y-163.5826
G1 X159.7675 Y-163.2003
G1 X159.4914 Y-162.9143
G1 X159.2191 Y-162.6299
G1 X158.9512 Y-162.3466
G1 X158.7751 Y-162.1592
G1 X158.6014 Y-161.9728
G1 X158.3451 Y-161.6951
G1 X158.0947 Y-161.4211
G1 X157.8506 Y-161.1503
G1 X157.6182 Y-160.8894
G1 X157.4668 Y-160.7180
G1 X157.3162 Y-160.5463
G1 X157.1666 Y-160.3746
G1 X157.0180 Y-160.2029
G1 X156.8704 Y-160.0309
G1 X156.7236 Y-159.8587
G1 X156.5780 Y-159.6868
G1 X156.4333 Y-159.5145
G1 X156.2895 Y-159.3421
G1 X156.1468 Y-159.1699
G1 X156.0048 Y-158.9974
G1 X155.8641 Y-158.8247
G1 X155.7241 Y-158.6520
G1 X155.5854 Y-158.4792
G1 X155.4475 Y-158.3065
G1 X155.3106 Y-158.1335
G1 X155.1747 Y-157.9606
G1 X155.0396 Y-157.7873
G1 X154.9057 Y-157.6141
G1 X154.7726 Y-157.4409
G1 X154.6405 Y-157.2674
G1 X154.5095 Y-157.0939
G1 X154.3794 Y-156.9204
G1 X154.2504 Y-156.7470
G1 X154.1224 Y-156.5732
G1 X153.9951 Y-156.3995
G1 X153.8689 Y-156.2255
G1 X153.7439 Y-156.0518
G1 X153.6197 Y-155.8778
G1 X153.4965 Y-155.7035
G1 X153.3741 Y-155.5293
G1 X153.2529 Y-155.3553
G1 X153.0134 Y-155.0065
G1 X152.8950 Y-154.8321
G1 X152.7777 Y-154.6576
G1 X152.6614 Y-154.4828
G1 X152.5461 Y-154.3083
G1 X152.4317 Y-154.1335
G1 X152.3185 Y-153.9588
G1 X152.2059 Y-153.7838
G1 X152.0947 Y-153.6088
G1 X151.9842 Y-153.4338
G1 X151.8747 Y-153.2588
G1 X151.7665 Y-153.0838
G1 X151.6591 Y-152.9085
G1 X151.5524 Y-152.7332
G1 X151.4470 Y-152.5577
G1 X151.3426 Y-152.3825
G1 X151.2392 Y-152.2070
G1 X151.1366 Y-152.0314
G1 X151.0350 Y-151.8559
G1 X150.9347 Y-151.6804
G1 X150.8351 Y-151.5046
G1 X150.7366 Y-151.3289
G1 X150.6390 Y-151.1531
G1 X150.5425 Y-150.9773
G1 X150.4470 Y-150.8013
G1 X150.3525 Y-150.6253
G1 X150.2588 Y-150.4493
G1 X150.1663 Y-150.2733
G1 X150.0746 Y-150.0972
G1 X149.9842 Y-149.9210
G1 X149.8945 Y-149.7447
G1 X149.8059 Y-149.5684
G1 X149.7185 Y-149.3921
G1 X149.6319 Y-149.2159
G1 X149.5463 Y-149.0393
G1 X149.4617 Y-148.8630
G1 X149.3782 Y-148.6865
G1 X149.2954 Y-148.5100
G1 X149.2138 Y-148.3332
G1 X149.1333 Y-148.1567
G1 X149.0536 Y-147.9799
G1 X148.9751 Y-147.8034
G1 X148.8976 Y-147.6266
G1 X148.8209 Y-147.4498
G1 X148.7452 Y-147.2730
G1 X148.6708 Y-147.0960
G1 X148.5971 Y-146.9192
G1 X148.5245 Y-146.7422
G1 X148.4528 Y-146.5651
G1 X148.3825 Y-146.3881
G1 X148.3129 Y-146.2110
G1 X148.2443 Y-146.0340
G1 X148.1767 Y-145.8570
G1 X148.1102 Y-145.6797
G1 X148.0444 Y-145.5026
G1 X147.9799 Y-145.3253
G1 X147.9164 Y-145.1480
G1 X147.8539 Y-144.9710
G1 X147.7924 Y-144.7937
G1 X147.7317 Y-144.6162
G1 X147.6723 Y-144.4389
G1 X147.6139 Y-144.2616
G1 X147.5562 Y-144.0843
G1 X147.4998 Y-143.9067
G1 X147.4445 Y-143.7292
G1 X147.3898 Y-143.5519
G1 X147.3365 Y-143.3744
G1 X147.2839 Y-143.1968
G1 X147.2326 Y-143.0193
G1 X147.1821 Y-142.8417
G1 X147.1328 Y-142.6642
G1 X147.0843 Y-142.4866
G1 X147.0368 Y-142.3091
G1 X146.9906 Y-142.1315
G1 X146.9451 Y-141.9537
G1 X146.9009 Y-141.7762
G1 X146.8575 Y-141.5984
G1 X146.8150 Y-141.4209
G1 X146.7739 Y-141.2431
G1 X146.7335 Y-141.0655
G1 X146.6941 Y-140.8877
G1 X146.6560 Y-140.7102
G1 X146.6187 Y-140.5324
G1 X146.5826 Y-140.3546
G1 X146.5473 Y-140.1768
G1 X146.5130 Y-139.9992
G1 X146.4800 Y-139.8214
G1 X146.4478 Y-139.6436
G1 X146.4168 Y-139.4658
G1 X146.3865 Y-139.2880
G1 X146.3576 Y-139.1105
G1 X146.3294 Y-138.9327
G1 X146.3025 Y-138.7549
G1 X146.2763 Y-138.5771
G1 X146.2121 Y-138.1201
G1 X146.1930 Y-137.9792
G1 X146.1582 Y-137.7112
G1 X146.1425 Y-137.5829
G1 X146.1277 Y-137.4577
G1 X146.1011 Y-137.2151
G1 X146.0782 Y-136.9786
G1 X146.0680 Y-136.8615
G1 X146.0589 Y-136.7442
G1 X146.0503 Y-136.6266
G1 X146.0426 Y-136.5077
G1 X146.0355 Y-136.3873
G1 X146.0292 Y-136.2646
G1 X146.0236 Y-136.1394
G1 X146.0185 Y-136.0109
G1 X146.0139 Y-135.8788
G1 X146.0101 Y-135.7422
G1 X146.0038 Y-135.4544
G1 X145.9995 Y-135.1430
G1 X145.9967 Y-134.8036
G1 X145.9956 Y-134.6223
G1 X145.9946 Y-134.0249
G1 X145.9956 Y-133.4272
G1 X145.9979 Y-133.0721
G1 X145.9995 Y-132.9060
G1 X146.0015 Y-132.7470
G1 X146.0068 Y-132.4475
G1 X146.0101 Y-132.3061
G1 X146.0185 Y-132.0371
G1 X146.0236 Y-131.9085
G1 X146.0294 Y-131.7831
G1 X146.0358 Y-131.6604
G1 X146.0429 Y-131.5400
G1 X146.0505 Y-131.4211
G1 X146.0591 Y-131.3033
G1 X146.0685 Y-131.1859
G1 X146.0787 Y-131.0688
G1 X146.0896 Y-130.9512
G1 X146.1016 Y-130.8324
G1 X146.1143 Y-130.7122
G1 X146.1430 Y-130.4648
G1 X146.1587 Y-130.3368
G1 X146.1755 Y-130.2050
G1 X146.2126 Y-129.9281
G1 X146.2542 Y-129.6304
G1 X146.2893 Y-129.3861
G1 X146.3281 Y-129.1280
G1 X146.3551 Y-128.9561
G1 X146.3830 Y-128.7838
G1 X146.4267 Y-128.5258
G1 X146.4567 Y-128.3536
G1 X146.4876 Y-128.1814
G1 X146.5359 Y-127.9233
G1 X146.5862 Y-127.6650
G1 X146.6207 Y-127.4928
G1 X146.6743 Y-127.2344
G1 X146.7300 Y-126.9761
G1 X146.7681 Y-126.8039
G1 X146.8072 Y-126.6317
G1 X146.8676 Y-126.3731
G1 X146.9088 Y-126.2009
G1 X146.9509 Y-126.0287
G1 X147.0160 Y-125.7701
G1 X147.0830 Y-125.5118
G1 X147.1519 Y-125.2532
G1 X147.2230 Y-124.9947
G1 X147.2959 Y-124.7361
G1 X147.3457 Y-124.5639
G1 X147.4221 Y-124.3053
G1 X147.5003 Y-124.0467
G1 X147.5537 Y-123.8743
G1 X147.6355 Y-123.6157
G1 X147.7190 Y-123.3569
G1 X147.7759 Y-123.1844
G1 X147.8631 Y-122.9258
G1 X147.9520 Y-122.6673
G1 X148.0124 Y-122.4948
G1 X148.1049 Y-122.2360
G1 X148.1676 Y-122.0635
G1 X148.2311 Y-121.8910
G1 X148.3281 Y-121.6322
G1 X148.3939 Y-121.4598
G1 X148.4942 Y-121.2012
G1 X148.5966 Y-120.9424
G1 X148.7010 Y-120.6835
G1 X148.7716 Y-120.5111
G1 X148.8793 Y-120.2522
G1 X148.9890 Y-119.9934
G1 X149.0632 Y-119.8209
G1 X149.1762 Y-119.5621
G1 X149.2913 Y-119.3033
G1 X149.3690 Y-119.1308
G1 X149.4874 Y-118.8720
G1 X149.6482 Y-118.5268
G1 X149.7300 Y-118.3541
G1 X149.8544 Y-118.0953
G1 X149.9382 Y-117.9228
G1 X150.0231 Y-117.7503
G1 X150.1521 Y-117.4913
G1 X150.3271 Y-117.1463
G1 X150.4607 Y-116.8872
G1 X150.5963 Y-116.6284
G1 X150.6878 Y-116.4560
G1 X150.8735 Y-116.1108
G1 X151.0149 Y-115.8519
G1 X151.1584 Y-115.5931
G1 X151.3040 Y-115.3343
G1 X151.4516 Y-115.0755
G1 X151.6515 Y-114.7303
G1 X151.8547 Y-114.3851
G1 X152.0614 Y-114.0402
G1 X152.2189 Y-113.7813
G1 X152.4320 Y-113.4361
G1 X152.6484 Y-113.0910
G1 X152.8133 Y-112.8321
G1 X152.9799 Y-112.5736
G1 X153.2052 Y-112.2284
G1 X153.3192 Y-112.0559
G1 X153.4919 Y-111.7971
G1 X153.6080 Y-111.6246
G1 X153.7251 Y-111.4522
G1 X153.9618 Y-111.1072
G1 X154.2021 Y-110.7623
G1 X154.4460 Y-110.4174
G1 X154.5692 Y-110.2449
G1 X154.6934 Y-110.0724
G1 X154.8811 Y-109.8139
G1 X155.1346 Y-109.4689
G1 X155.4564 Y-109.0379
G1 X155.7177 Y-108.6932
G1 X155.9161 Y-108.4346
G1 X156.1836 Y-108.0900
G1 X156.3865 Y-107.8314
G1 X156.5915 Y-107.5731
G1 X156.7292 Y-107.4006
G1 X157.0073 Y-107.0562
G1 X157.1475 Y-106.8837
G1 X157.2887 Y-106.7115
G1 X157.6456 Y-106.2810
G1 X157.7899 Y-106.1088
G1 X158.1544 Y-105.6782
G1 X158.3017 Y-105.5060
G1 X158.5991 Y-105.1616
G1 X158.7490 Y-104.9894
G1 X159.0515 Y-104.6452
G1 X159.4345 Y-104.2149
G1 X159.7449 Y-103.8708
G1 X159.9801 Y-103.6127
G1 X160.2171 Y-103.3546
G1 X160.6166 Y-102.9246
G1 X160.9402 Y-102.5807
G1 X161.1031 Y-102.4087
G1 X161.3494 Y-102.1509
G1 X161.5145 Y-101.9790
G1 X161.7640 Y-101.7212
G1 X162.0154 Y-101.4633
G1 X162.3538 Y-101.1197
G1 X162.6098 Y-100.8621
G1 X162.9542 Y-100.5185
G1 X163.2148 Y-100.2609
G1 X163.5653 Y-99.9175
G1 X163.9192 Y-99.5741
G1 X164.4566 Y-99.0592
G1 X164.8193 Y-98.7161
G1 X165.0936 Y-98.4588
G1 X165.3697 Y-98.2015
G1 X165.7411 Y-97.8586
G1 X166.1160 Y-97.5157
G1 X166.4942 Y-97.1730
G1 X166.8760 Y-96.8301
G1 X167.2613 Y-96.4875
G1 X167.6499 Y-96.1451
G1 X168.0421 Y-95.8027
G1 X168.4376 Y-95.4603
G1 X168.8368 Y-95.1179
G1 X169.2392 Y-94.7758
G1 X169.5435 Y-94.5192
G1 X169.8495 Y-94.2627
G1 X170.2608 Y-93.9208
G1 X170.4675 Y-93.7499
G1 X170.6753 Y-93.5789
G1 X171.0934 Y-93.2373
G1 X171.5150 Y-92.8957
G1 X171.9400 Y-92.5540
G1 X172.3685 Y-92.2127
G1 X172.6921 Y-91.9566
G1 X173.3451 Y-91.4448
G1 X173.6745 Y-91.1890
G1 X174.1167 Y-90.8482
G1 X174.4508 Y-90.5924
G1 X175.0116 Y-90.1664
G1 X175.3507 Y-89.9109
G1 X175.8058 Y-89.5706
G1 X176.1495 Y-89.3150
G1 X176.6108 Y-88.9747
G1 X177.0753 Y-88.6346
G1 X177.6611 Y-88.2094
G1 X178.2521 Y-87.7844
G1 X178.4899 Y-87.6145
G1 X178.9684 Y-87.2749
G1 X179.3293 Y-87.0201
G1 X179.8137 Y-86.6808
G1 X180.1792 Y-86.4260
G1 X180.7929 Y-86.0021
G1 X181.4119 Y-85.5782
G1 X181.7553 Y-85.3445
G1 X182.4170 Y-84.8982
G1 X183.0852 Y-84.4520
G1 X183.3093 Y-84.3034
G1 X183.8726 Y-83.9320
G1 X184.4403 Y-83.5609
G1 X185.1271 Y-83.1159
G1 X185.8198 Y-82.6717
G1 X186.4015 Y-82.3018
G1 X186.8696 Y-82.0064
G1 X187.3402 Y-81.7113
G1 X188.0507 Y-81.2693
G1 X188.5274 Y-80.9752
G1 X189.1266 Y-80.6079
G1 X189.9712 Y-80.0951
G1 X190.5787 Y-79.7298
G1 X191.1896 Y-79.3651
G1 X191.8038 Y-79.0014
G1 X192.5452 Y-78.5660
G1 X192.9176 Y-78.3488
G1 X193.5406 Y-77.9877
G1 X193.9158 Y-77.7715
G1 X194.4179 Y-77.4837
G1 X195.1744 Y-77.0534
G1 X195.8078 Y-76.6963
G1 X196.3166 Y-76.4111
G1 X196.8271 Y-76.1268
G1 X197.5960 Y-75.7019
G1 X198.4974 Y-75.2086
G1 X199.2739 Y-74.7878
G1 X199.7934 Y-74.5084
G1 X200.4449 Y-74.1604
G1 X200.8365 Y-73.9524
G1 X201.3603 Y-73.6757
G1 X202.1482 Y-73.2627
G1 X202.6750 Y-72.9887
G1 X203.4675 Y-72.5795
G1 X203.8647 Y-72.3758
G1 X204.5282 Y-72.0377
G1 X205.3265 Y-71.6343
G1 X205.8601 Y-71.3669
G1 X206.5284 Y-71.0341
G1 X207.3321 Y-70.6374
G1 X208.1378 Y-70.2434
G1 X208.9452 Y-69.8523
G1 X209.6193 Y-69.5287
G1 X210.1596 Y-69.2711
G1 X210.7001 Y-69.0151
G1 X211.2416 Y-68.7603
G1 X211.7834 Y-68.5071
G1 X212.4616 Y-68.1924
G1 X212.8688 Y-68.0047
G1 X213.6841 Y-67.6318
G1 X214.2452 Y-67.3773
G1 X214.6074 Y-67.2145
G1 X214.8683 Y-67.0987
G1 X214.9485 Y-67.0639
G1 X214.9889 Y-67.0471
G1 X214.9889 Y-67.0471
G1 X214.9899 Y-67.0514
G1 X214.9569 Y-67.0773
G1 X214.8929 Y-67.1225
G1 X214.8012 Y-67.1848
G1 X214.6849 Y-67.2620
G1 X214.5472 Y-67.3524
G1 X214.3912 Y-67.4535
G1 X213.9368 Y-67.7448
G1 X213.5147 Y-68.0184
G1 X213.0958 Y-68.2930
G1 X212.8185 Y-68.4766
G1 X212.4050 Y-68.7532
G1 X212.1311 Y-68.9384
G1 X211.8589 Y-69.1238
G1 X211.5878 Y-69.3100
G1 X211.3183 Y-69.4967
G1 X210.9168 Y-69.7776
G1 X210.7837 Y-69.8713
G1 X210.5185 Y-70.0596
G1 X210.2546 Y-70.2483
G1 X209.9922 Y-70.4375
G1 X209.7314 Y-70.6272
G1 X209.4720 Y-70.8175
G1 X209.0854 Y-71.1040
G1 X208.8297 Y-71.2955
G1 X208.5751 Y-71.4875
G1 X208.3222 Y-71.6803
G1 X208.0707 Y-71.8734
G1 X207.8205 Y-72.0672
G1 X207.5718 Y-72.2612
G1 X207.3247 Y-72.4560
G1 X207.0788 Y-72.6511
G1 X206.8345 Y-72.8469
G1 X206.5917 Y-73.0433
G1 X206.3504 Y-73.2399
G1 X205.9907 Y-73.5360
G1 X205.7530 Y-73.7342
G1 X205.5165 Y-73.9328
G1 X205.2815 Y-74.1319
G1 X205.0481 Y-74.3316
G1 X204.8159 Y-74.5317
G1 X204.5853 Y-74.7324
G1 X204.3560 Y-74.9336
G1 X204.1284 Y-75.1352
G1 X203.9021 Y-75.3374
G1 X203.7893 Y-75.4388
G1 X203.5653 Y-75.6417
G1 X203.3425 Y-75.8454
G1 X203.1213 Y-76.0494
G1 X202.9015 Y-76.2538
G1 X202.5744 Y-76.5617
G1 X202.2505 Y-76.8706
G1 X201.9303 Y-77.1807
G1 X201.7182 Y-77.3882
G1 X201.5079 Y-77.5960
G1 X201.2988 Y-77.8045
G1 X201.0913 Y-78.0133
G1 X200.7827 Y-78.3278
G1 X200.5787 Y-78.5381
G1 X200.3763 Y-78.7486
G1 X200.1754 Y-78.9600
G1 X199.8764 Y-79.2777
G1 X199.6791 Y-79.4903
G1 X199.3857 Y-79.8101
G1 X199.1919 Y-80.0240
G1 X198.9996 Y-80.2381
G1 X198.8086 Y-80.4530
G1 X198.6191 Y-80.6684
G1 X198.4312 Y-80.8843
G1 X198.1517 Y-81.2089
G1 X197.8759 Y-81.5348
G1 X197.6935 Y-81.7527
G1 X197.5129 Y-81.9711
G1 X197.3336 Y-82.1901
G1 X197.1558 Y-82.4095
G1 X196.9793 Y-82.6295
G1 X196.8043 Y-82.8500
G1 X196.7174 Y-82.9602
G1 X196.5447 Y-83.1814
G1 X196.3732 Y-83.4032
G1 X196.2033 Y-83.6254
G1 X196.0349 Y-83.8482
G1 X195.8680 Y-84.0715
G1 X195.7850 Y-84.1832
G1 X195.6201 Y-84.4072
G1 X195.4568 Y-84.6318
G1 X195.2950 Y-84.8568
G1 X195.1345 Y-85.0824
G1 X194.9755 Y-85.3084
G1 X194.8180 Y-85.5350
G1 X194.6618 Y-85.7621
G1 X194.5071 Y-85.9897
G1 X194.3539 Y-86.2178
G1 X194.2023 Y-86.4461
G1 X194.0519 Y-86.6752
G1 X193.9031 Y-86.9048
G1 X193.7558 Y-87.1350
G1 X193.6097 Y-87.3656
G1 X193.3936 Y-87.7123
G1 X193.2513 Y-87.9442
G1 X193.1807 Y-88.0603
G1 X193.0408 Y-88.2929
G1 X192.9021 Y-88.5261
G1 X192.7649 Y-88.7598
G1 X192.6290 Y-88.9940
G1 X192.4947 Y-89.2284
G1 X192.3618 Y-89.4636
G1 X192.2305 Y-89.6993
G1 X192.1007 Y-89.9353
G1 X191.9722 Y-90.1720
G1 X191.8452 Y-90.4093
G1 X191.7822 Y-90.5279
G1 X191.6575 Y-90.7659
G1 X191.5955 Y-90.8850
G1 X191.4728 Y-91.1238
G1 X191.3517 Y-91.3628
G1 X191.1726 Y-91.7224
G1 X191.0550 Y-91.9630
G1 X190.9389 Y-92.2038
G1 X190.8244 Y-92.4453
G1 X190.7111 Y-92.6871
G1 X190.5996 Y-92.9295
G1 X190.5442 Y-93.0509
G1 X190.3804 Y-93.4159
G1 X190.2732 Y-93.6597
G1 X190.1673 Y-93.9043
G1 X190.0629 Y-94.1492
G1 X189.9597 Y-94.3945
G1 X189.8584 Y-94.6404
G1 X189.7583 Y-94.8868
G1 X189.7088 Y-95.0102
G1 X189.6308 Y-95.2071
G1 X189.5536 Y-95.4042
G1 X189.4776 Y-95.6013
G1 X189.4025 Y-95.7986
G1 X189.3283 Y-95.9963
G1 X189.2551 Y-96.1939
G1 X189.1830 Y-96.3920
G1 X189.1119 Y-96.5901
G1 X189.0415 Y-96.7887
G1 X188.9724 Y-96.9874
G1 X188.9041 Y-97.1865
G1 X188.8368 Y-97.3856
G1 X188.7705 Y-97.5853
G1 X188.7050 Y-97.7852
G1 X188.6405 Y-97.9856
G1 X188.5770 Y-98.1860
G1 X188.5145 Y-98.3869
G1 X188.4528 Y-98.5883
G1 X188.3921 Y-98.7900
G1 X188.3324 Y-98.9919
G1 X188.2737 Y-99.1944
G1 X188.2158 Y-99.3973
G1 X188.1589 Y-99.6008
G1 X188.1027 Y-99.8045
G1 X188.0476 Y-100.0087
G1 X187.9935 Y-100.2134
G1 X187.9402 Y-100.4184
G1 X187.8879 Y-100.6241
G1 X187.8366 Y-100.8301
G1 X187.7860 Y-101.0369
G1 X187.7362 Y-101.2441
G1 X187.6877 Y-101.4519
G1 X187.6397 Y-101.6602
G1 X187.5930 Y-101.8690
G1 X187.5467 Y-102.0785
G1 X187.5018 Y-102.2886
G1 X187.4573 Y-102.4992
G1 X187.4142 Y-102.7105
G1 X187.3715 Y-102.9223
G1 X187.3298 Y-103.1349
G1 X187.2892 Y-103.3480
G1 X187.2493 Y-103.5619
G1 X187.2104 Y-103.7765
G1 X187.1723 Y-103.9919
G1 X187.1350 Y-104.2078
G1 X187.0987 Y-104.4245
G1 X187.0631 Y-104.6419
G1 X187.0283 Y-104.8601
G1 X186.9945 Y-105.0790
G1 X186.9615 Y-105.2987
G1 X186.9293 Y-105.5195
G1 X186.8980 Y-105.7407
G1 X186.8675 Y-105.9627
G1 X186.8381 Y-106.1857
G1 X186.8091 Y-106.4095
G1 X186.7812 Y-106.6343
G1 X186.7540 Y-106.8598
G1 X186.7278 Y-107.0861
G1 X186.7022 Y-107.3135
G1 X186.6776 Y-107.5416
G1 X186.6537 Y-107.7707
G1 X186.6308 Y-108.0008
G1 X186.6085 Y-108.2317
G1 X186.5871 Y-108.4636
G1 X186.5800 Y-108.5449
G1 X186.5732 Y-108.6305
G1 X186.5666 Y-108.7204
G1 X186.5541 Y-108.9127
G1 X186.5424 Y-109.1204
G1 X186.5318 Y-109.3427
G1 X186.5221 Y-109.5779
G1 X186.5089 Y-109.9536
G1 X186.5013 Y-110.2172
G1 X186.4916 Y-110.6297
G1 X186.4863 Y-110.9144
G1 X186.4817 Y-111.2058
G1 X186.4782 Y-111.5022
G1 X186.4746 Y-111.9548
G1 X186.4728 Y-112.4130
G1 X186.4731 Y-112.8730
G1 X186.4766 Y-113.4826
G1 X186.4817 Y-113.9322
G1 X186.4860 Y-114.2261
G1 X186.4914 Y-114.5141
G1 X186.4977 Y-114.7950
G1 X186.5086 Y-115.2007
G1 X186.5127 Y-115.3312
G1 X186.5216 Y-115.5840
G1 X186.5315 Y-115.8255
G1 X186.5422 Y-116.0539
G1 X186.5478 Y-116.1631
G1 X186.5600 Y-116.3706
G1 X186.5727 Y-116.5624
G1 X186.5795 Y-116.6520
G1 X186.5960 Y-116.8486
G1 X186.6260 Y-117.1821
G1 X186.6468 Y-117.4041
G1 X186.6684 Y-117.6264
G1 X186.7022 Y-117.9591
G1 X186.7499 Y-118.4029
G1 X186.7875 Y-118.7353
G1 X186.8269 Y-119.0678
G1 X186.8818 Y-119.5108
G1 X186.9399 Y-119.9535
G1 X186.9699 Y-120.1748
G1 X187.0324 Y-120.6172
G1 X187.0812 Y-120.9490
G1 X187.1317 Y-121.2807
G1 X187.1840 Y-121.6124
G1 X187.2196 Y-121.8334
G1 X187.2747 Y-122.1649
G1 X187.3313 Y-122.4963
G1 X187.3898 Y-122.8280
G1 X187.4703 Y-123.2700
G1 X187.5328 Y-123.6015
G1 X187.6186 Y-124.0434
G1 X187.7075 Y-124.4854
G1 X187.7995 Y-124.9276
G1 X187.8706 Y-125.2591
G1 X187.9432 Y-125.5908
G1 X188.0431 Y-126.0333
G1 X188.1198 Y-126.3653
G1 X188.1983 Y-126.6972
G1 X188.2785 Y-127.0295
G1 X188.3606 Y-127.3617
G1 X188.4444 Y-127.6942
G1 X188.5300 Y-128.0267
G1 X188.5879 Y-128.2484
G1 X188.7063 Y-128.6921
G1 X188.7972 Y-129.0254
G1 X188.8896 Y-129.3586
G1 X189.0159 Y-129.8031
G1 X189.1452 Y-130.2484
G1 X189.2778 Y-130.6937
G1 X189.3794 Y-131.0282
G1 X189.5173 Y-131.4745
G1 X189.6229 Y-131.8095
G1 X189.7304 Y-132.1448
G1 X189.8030 Y-132.3683
G1 X189.9135 Y-132.7041
G1 X190.0258 Y-133.0404
G1 X190.1398 Y-133.3767
G1 X190.2948 Y-133.8257
G1 X190.4131 Y-134.1631
G1 X190.5737 Y-134.6131
G1 X190.6552 Y-134.8387
G1 X190.7789 Y-135.1770
G1 X190.8625 Y-135.4028
G1 X190.9468 Y-135.6286
G1 X191.0748 Y-135.9680
G1 X191.2485 Y-136.4211
G1 X191.3364 Y-136.6477
G1 X191.5150 Y-137.1021
G1 X191.6054 Y-137.3294
G1 X191.8353 Y-137.8989
G1 X192.0702 Y-138.4696
G1 X192.2620 Y-138.9271
G1 X192.4080 Y-139.2710
G1 X192.6054 Y-139.7302
G1 X192.7558 Y-140.0752
G1 X192.9079 Y-140.4209
G1 X193.1657 Y-140.9979
G1 X193.3230 Y-141.3452
G1 X193.5356 Y-141.8087
G1 X193.7515 Y-142.2735
G1 X193.8607 Y-142.5064
G1 X194.0263 Y-142.8562
G1 X194.1375 Y-143.0896
G1 X194.3628 Y-143.5575
G1 X194.4766 Y-143.7919
G1 X194.6491 Y-144.1442
G1 X194.9407 Y-144.7325
G1 X195.1182 Y-145.0866
G1 X195.3580 Y-145.5595
G1 X195.5523 Y-145.9387
G1 X195.7489 Y-146.3187
G1 X195.9480 Y-146.6992
G1 X196.0484 Y-146.8897
G1 X196.2508 Y-147.2715
G1 X196.4555 Y-147.6538
G1 X196.6625 Y-148.0363
G1 X196.7669 Y-148.2280
G1 X196.9773 Y-148.6113
G1 X197.1896 Y-148.9951
G1 X197.4042 Y-149.3794
G1 X197.5122 Y-149.5715
G1 X197.7299 Y-149.9560
G1 X197.9496 Y-150.3408
G1 X198.0601 Y-150.5334
G1 X198.2828 Y-150.9182
G1 X198.5074 Y-151.3032
G1 X198.7337 Y-151.6883
G1 X198.9620 Y-152.0734
G1 X199.0768 Y-152.2659
G1 X199.3080 Y-152.6507
G1 X199.5406 Y-153.0353
G1 X199.7751 Y-153.4198
G1 X200.0113 Y-153.8039
G1 X200.1299 Y-153.9959
G1 X200.3687 Y-154.3794
G1 X200.4886 Y-154.5712
G1 X200.7296 Y-154.9540
G1 X200.9722 Y-155.3365
G1 X201.2163 Y-155.7185
G1 X201.4619 Y-156.0998
G1 X201.7090 Y-156.4805
G1 X201.8330 Y-156.6705
G1 X202.0821 Y-157.0500
G1 X202.2071 Y-157.2395
G1 X202.4581 Y-157.6177
G1 X202.7105 Y-157.9951
G1 X202.9643 Y-158.3718
G1 X203.2190 Y-158.7472
G1 X203.4751 Y-159.1216
G1 X203.7324 Y-159.4950
G1 X203.9907 Y-159.8671
G1 X204.2500 Y-160.2382
G1 X204.5104 Y-160.6080
G1 X204.7718 Y-160.9763
G1 X205.1657 Y-161.5265
G1 X205.4296 Y-161.8912
G1 X205.5617 Y-162.0731
G1 X205.8269 Y-162.4358
G1 X206.0928 Y-162.7967
G1 X206.2259 Y-162.9766
G1 X206.4931 Y-163.3352
G1 X206.6267 Y-163.5138
G1 X206.8949 Y-163.8696
G1 X207.1637 Y-164.2237
G1 X207.2983 Y-164.4002
G1 X207.5680 Y-164.7515
G1 X207.7032 Y-164.9265
G1 X207.9739 Y-165.2748
G1 X208.1093 Y-165.4482
G1 X208.2449 Y-165.6212
G1 X208.5167 Y-165.9654
G1 X208.6526 Y-166.1368
G1 X208.9249 Y-166.4777
G1 X209.1977 Y-166.8165
G1 X209.3341 Y-166.9852
G1 X209.6074 Y-167.3207
G1 X209.8810 Y-167.6537
G1 X210.1548 Y-167.9844
G1 X210.2917 Y-168.1488
G1 X210.5660 Y-168.4757
G1 X210.8403 Y-168.8000
G1 X211.5467 Y-169.6286
G1 X211.8225 Y-169.9560
G1 X211.9688 Y-170.1320
G1 X212.0301 Y-170.2077
G1 X212.0483 Y-170.2311
G1 X212.0577 Y-170.2443
G1 X212.0572 Y-170.2443
G1 X212.0857 Y-170.3197
; Retract
G1 Z3.0400 F2540

; Path 10
; Rapid to initial position
G1 X182.3717 Y-191.2059 F2540
G1 Z0.5000
; plunge
G1 Z-2.6750 F127
; cut
G1 X182.3458 Y-191.2026 F1016
G1 X182.2818 Y-191.2033
G1 X182.1838 Y-191.2076
G1 X182.0563 Y-191.2155
G1 X181.9031 Y-191.2264
G1 X181.7291 Y-191.2402
G1 X181.5379 Y-191.2564
G1 X181.2127 Y-191.2861
G1 X181.0873 Y-191.2963
G1 X180.9572 Y-191.3059
G1 X180.8236 Y-191.3148
G1 X180.6862 Y-191.3230
G1 X180.5457 Y-191.3306
G1 X180.4020 Y-191.3377
G1 X180.2557 Y-191.3440
G1 X180.1068 Y-191.3496
G1 X179.8028 Y-191.3590
G1 X179.6481 Y-191.3626
G1 X179.4919 Y-191.3656
G1 X179.3349 Y-191.3679
G1 X179.1769 Y-191.3697
G1 X179.0184 Y-191.3707
G1 X178.8594 Y-191.3710
G1 X178.7007 Y-191.3707
G1 X178.5422 Y-191.3697
G1 X178.3842 Y-191.3679
G1 X178.2270 Y-191.3656
G1 X178.0710 Y-191.3626
G1 X177.9161 Y-191.3590
G1 X177.6120 Y-191.3496
G1 X177.4629 Y-191.3438
G1 X177.3166 Y-191.3374
G1 X177.1729 Y-191.3303
G1 X177.0322 Y-191.3227
G1 X176.7611 Y-191.3052
G1 X176.4848 Y-191.2836
G1 X175.8970 Y-191.2358
G1 X175.7218 Y-191.2236
G1 X175.6453 Y-191.2191
G1 X175.5760 Y-191.2160
G1 X175.5130 Y-191.2142
G1 X175.4566 Y-191.2137
G1 X175.4060 Y-191.2150
G1 X175.3608 Y-191.2178
G1 X175.3207 Y-191.2224
G1 X175.2854 Y-191.2287
G1 X175.2544 Y-191.2369
G1 X175.2275 Y-191.2468
G1 X175.2041 Y-191.2590
G1 X175.1838 Y-191.2732
G1 X175.1665 Y-191.2894
G1 X175.1515 Y-191.3082
G1 X175.1386 Y-191.3293
G1 X175.1274 Y-191.3527
G1 X175.1175 Y-191.3786
G1 X175.1086 Y-191.4073
G1 X175.1002 Y-191.4385
G1 X175.0919 Y-191.4726
G1 X175.0743 Y-191.5493
G1 X175.0530 Y-191.6379
G1 X174.9895 Y-191.8785
G1 X174.9659 Y-191.9742
G1 X174.9499 Y-192.0552
G1 X174.9428 Y-192.1233
G1 X174.9466 Y-192.1792
G1 X174.9623 Y-192.2247
G1 X174.9920 Y-192.2610
G1 X175.0370 Y-192.2894
G1 X175.0987 Y-192.3118
G1 X175.1792 Y-192.3288
G1 X175.2798 Y-192.3423
G1 X175.4020 Y-192.3537
G1 X175.5473 Y-192.3639
G1 X175.9138 Y-192.3872
G1 X176.0837 Y-192.3992
G1 X176.2402 Y-192.4116
G1 X176.3837 Y-192.4248
G1 X176.5148 Y-192.4385
G1 X176.6334 Y-192.4533
G1 X176.7403 Y-192.4688
G1 X176.8361 Y-192.4853
G1 X176.9212 Y-192.5030
G1 X176.9956 Y-192.5218
G1 X177.0601 Y-192.5422
G1 X177.1150 Y-192.5637
G1 X177.1609 Y-192.5869
G1 X177.1980 Y-192.6115
G1 X177.2267 Y-192.6379
G1 X177.2478 Y-192.6661
G1 X177.2615 Y-192.6963
G1 X177.2636 Y-192.7078
G1 X177.2628 Y-192.7212
G1 X177.2590 Y-192.7367
G1 X177.2524 Y-192.7542
G1 X177.2430 Y-192.7738
G1 X177.2305 Y-192.7957
G1 X177.2153 Y-192.8195
G1 X177.1970 Y-192.8457
G1 X177.1757 Y-192.8739
G1 X177.1513 Y-192.9044
G1 X177.1239 Y-192.9371
G1 X177.0934 Y-192.9722
G1 X177.0598 Y-193.0093
G1 X176.9834 Y-193.0908
G1 X176.8940 Y-193.1817
G1 X176.8447 Y-193.2308
G1 X176.7360 Y-193.3362
G1 X176.6141 Y-193.4517
G1 X176.5483 Y-193.5132
G1 X176.3304 Y-193.7131
G1 X176.1678 Y-193.8597
G1 X175.9913 Y-194.0169
G1 X175.8008 Y-194.1850
G1 X175.4513 Y-194.4906
G1 X175.2222 Y-194.6895
G1 X174.8846 Y-194.9801
G1 X174.4452 Y-195.3539
G1 X174.2298 Y-195.5350
G1 X173.9120 Y-195.7997
G1 X173.6006 Y-196.0560
G1 X173.3964 Y-196.2224
G1 X173.1950 Y-196.3852
G1 X172.8973 Y-196.6227
G1 X172.7020 Y-196.7766
G1 X172.5092 Y-196.9272
G1 X172.3187 Y-197.0743
G1 X172.1305 Y-197.2180
G1 X171.9443 Y-197.3588
G1 X171.7606 Y-197.4959
G1 X171.5788 Y-197.6303
G1 X171.3100 Y-197.8256
G1 X171.0456 Y-198.0141
G1 X170.7855 Y-198.1957
G1 X170.5292 Y-198.3707
G1 X170.3606 Y-198.4840
G1 X170.1935 Y-198.5942
G1 X170.0281 Y-198.7017
G1 X169.8640 Y-198.8066
G1 X169.7015 Y-198.9089
G1 X169.6207 Y-198.9590
G1 X169.4889 Y-199.0390
G1 X169.3497 Y-199.1213
G1 X169.2057 Y-199.2046
G1 X169.0586 Y-199.2876
G1 X168.9105 Y-199.3697
G1 X168.7637 Y-199.4494
G1 X168.6199 Y-199.5256
G1 X168.4818 Y-199.5978
G1 X168.3509 Y-199.6643
G1 X168.2298 Y-199.7243
G1 X168.1201 Y-199.7768
G1 X168.0240 Y-199.8205
G1 X167.9438 Y-199.8546
G1 X167.8816 Y-199.8777
G1 X167.8391 Y-199.8889
G1 X167.8188 Y-199.8871
G1 X167.8196 Y-199.8708
G1 X167.8275 Y-199.8289
G1 X167.8417 Y-199.7629
G1 X167.8622 Y-199.6742
G1 X167.8884 Y-199.5642
G1 X167.9567 Y-199.2874
G1 X168.0919 Y-198.7530
G1 X168.2570 Y-198.1119
G1 X168.3781 Y-197.6463
G1 X168.5686 Y-196.9214
G1 X168.7596 Y-196.2015
G1 X168.8818 Y-195.7454
G1 X169.0494 Y-195.1271
G1 X169.1460 Y-194.7774
G1 X169.1884 Y-194.6260
G1 X169.2265 Y-194.4921
G1 X169.2598 Y-194.3773
G1 X169.2880 Y-194.2833
G1 X169.3093 Y-194.2140
G1 X169.3347 Y-194.1342
G1 X169.3639 Y-194.0448
G1 X169.4322 Y-193.8404
G1 X169.5112 Y-193.6082
G1 X169.5986 Y-193.3565
G1 X169.6916 Y-193.0921
G1 X169.7876 Y-192.8231
G1 X169.8838 Y-192.5571
G1 X170.0665 Y-192.0580
G1 X170.2532 Y-191.5406
G1 X170.3319 Y-191.3181
G1 X170.3664 Y-191.2173
G1 X170.3847 Y-191.1607
G1 X170.3870 Y-191.1505
G1 X170.3791 Y-191.1452
G1 X170.3565 Y-191.1401
G1 X170.3197 Y-191.1355
G1 X170.2694 Y-191.1314
G1 X170.2067 Y-191.1279
G1 X170.1322 Y-191.1246
G1 X170.0469 Y-191.1220
G1 X169.8473 Y-191.1177
G1 X169.6141 Y-191.1154
G1 X169.3542 Y-191.1147
G1 X169.3542 Y-191.1147
G1 X169.0743 Y-191.1154
G1 X168.6309 Y-191.1195
G1 X168.3294 Y-191.1243
G1 X168.0309 Y-191.1302
G1 X167.7419 Y-191.1375
G1 X167.4693 Y-191.1462
G1 X167.2196 Y-191.1561
G1 X166.9997 Y-191.1673
G1 X166.9026 Y-191.1734
G1 X166.8158 Y-191.1795
G1 X166.5719 Y-191.1998
G1 X166.3324 Y-191.2219
G1 X166.0967 Y-191.2463
G1 X165.8650 Y-191.2724
G1 X165.6372 Y-191.3006
G1 X165.4134 Y-191.3311
G1 X165.1937 Y-191.3633
G1 X164.9778 Y-191.3976
G1 X164.7657 Y-191.4342
G1 X164.5577 Y-191.4726
G1 X164.3535 Y-191.5130
G1 X164.1531 Y-191.5556
G1 X163.9565 Y-191.6001
G1 X163.7640 Y-191.6468
G1 X163.5752 Y-191.6953
G1 X163.3903 Y-191.7461
G1 X163.2092 Y-191.7990
G1 X163.0319 Y-191.8538
G1 X162.8585 Y-191.9107
G1 X162.6888 Y-191.9699
G1 X162.5229 Y-192.0309
G1 X162.3609 Y-192.0941
G1 X162.2024 Y-192.1591
G1 X162.0479 Y-192.2264
G1 X161.8971 Y-192.2960
G1 X161.7497 Y-192.3674
G1 X161.6065 Y-192.4411
G1 X161.4668 Y-192.5168
G1 X161.3306 Y-192.5945
G1 X161.1983 Y-192.6742
G1 X161.0698 Y-192.7563
G1 X160.9448 Y-192.8404
G1 X160.7838 Y-192.9562
G1 X160.6217 Y-193.0817
G1 X160.4594 Y-193.2158
G1 X160.2976 Y-193.3578
G1 X160.1373 Y-193.5061
G1 X159.9796 Y-193.6605
G1 X159.8252 Y-193.8193
G1 X159.6751 Y-193.9818
G1 X159.5298 Y-194.1474
G1 X159.3906 Y-194.3143
G1 X159.2583 Y-194.4822
G1 X159.1338 Y-194.6499
G1 X159.0177 Y-194.8162
G1 X158.9115 Y-194.9803
G1 X158.8155 Y-195.1413
G1 X158.7310 Y-195.2981
G1 X158.6626 Y-195.4469
G1 X158.5813 Y-195.6473
G1 X158.4970 Y-195.8731
G1 X158.4198 Y-196.0982
G1 X158.3705 Y-196.2556
G1 X158.3314 Y-196.3966
G1 X158.3012 Y-196.5302
G1 X158.2788 Y-196.6646
G1 X158.2631 Y-196.8091
G1 X158.2527 Y-196.9722
G1 X158.2463 Y-197.1629
G1 X158.2430 Y-197.3900
G1 X158.2428 Y-197.5551
G1 X158.2453 Y-197.7080
G1 X158.2506 Y-197.8492
G1 X158.2593 Y-197.9798
G1 X158.2715 Y-198.1009
G1 X158.2872 Y-198.2135
G1 X158.3070 Y-198.3184
G1 X158.3312 Y-198.4167
G1 X158.3596 Y-198.5091
G1 X158.3929 Y-198.5970
G1 X158.4315 Y-198.6811
G1 X158.4752 Y-198.7624
G1 X158.5244 Y-198.8419
G1 X158.5796 Y-198.9204
G1 X158.6410 Y-198.9991
G1 X158.7086 Y-199.0788
G1 X158.8115 Y-199.1904
G1 X158.9095 Y-199.2848
G1 X159.0053 Y-199.3636
G1 X159.1013 Y-199.4284
G1 X159.2001 Y-199.4807
G1 X159.3045 Y-199.5221
G1 X159.4170 Y-199.5538
G1 X159.5402 Y-199.5780
G1 X159.6730 Y-199.5907
G1 X159.8054 Y-199.5871
G1 X159.9359 Y-199.5681
G1 X160.0634 Y-199.5345
G1 X160.1869 Y-199.4873
G1 X160.3055 Y-199.4276
G1 X160.4178 Y-199.3562
G1 X160.5229 Y-199.2742
G1 X160.6194 Y-199.1822
G1 X160.7068 Y-199.0814
G1 X160.7835 Y-198.9727
G1 X160.8485 Y-198.8569
G1 X160.9009 Y-198.7352
G1 X160.9392 Y-198.6084
G1 X160.9628 Y-198.4776
G1 X160.9705 Y-198.3435
G1 X160.9646 Y-198.2244
G1 X160.9481 Y-198.1053
G1 X160.9194 Y-197.9831
G1 X160.8775 Y-197.8548
G1 X160.8216 Y-197.7174
G1 X160.7502 Y-197.5681
G1 X160.6626 Y-197.4037
G1 X160.5577 Y-197.2216
G1 X160.4528 Y-197.0334
G1 X160.3507 Y-196.8287
G1 X160.2626 Y-196.6326
G1 X160.2006 Y-196.4698
G1 X160.1419 Y-196.2742
G1 X160.1219 Y-196.1253
G1 X160.1401 Y-195.9643
G1 X160.1965 Y-195.7321
G1 X160.2534 Y-195.5457
G1 X160.3251 Y-195.3651
G1 X160.4122 Y-195.1896
G1 X160.5150 Y-195.0189
G1 X160.6342 Y-194.8520
G1 X160.7701 Y-194.6882
G1 X160.9230 Y-194.5269
G1 X161.0934 Y-194.3674
G1 X161.1942 Y-194.2805
G1 X161.2984 Y-194.1954
G1 X161.4061 Y-194.1116
G1 X161.5171 Y-194.0296
G1 X161.6311 Y-193.9493
G1 X161.7487 Y-193.8706
G1 X161.8691 Y-193.7936
G1 X161.9928 Y-193.7184
G1 X162.1193 Y-193.6450
G1 X162.2489 Y-193.5734
G1 X162.3812 Y-193.5035
G1 X162.5166 Y-193.4357
G1 X162.6545 Y-193.3694
G1 X162.7952 Y-193.3052
G1 X162.9385 Y-193.2429
G1 X163.0843 Y-193.1825
G1 X163.2326 Y-193.1243
G1 X163.3832 Y-193.0679
G1 X163.5364 Y-193.0136
G1 X163.6916 Y-192.9613
G1 X163.8493 Y-192.9110
G1 X164.0091 Y-192.8627
G1 X164.1709 Y-192.8167
G1 X164.3350 Y-192.7730
G1 X164.5008 Y-192.7314
G1 X164.6685 Y-192.6918
G1 X164.8381 Y-192.6547
G1 X165.0096 Y-192.6196
G1 X165.1828 Y-192.5871
G1 X165.3576 Y-192.5566
G1 X165.5338 Y-192.5287
G1 X165.7119 Y-192.5030
G1 X166.0853 Y-192.4522
G1 X166.2379 Y-192.4319
G1 X166.3695 Y-192.4152
G1 X166.4818 Y-192.4014
G1 X166.5765 Y-192.3913
G1 X166.6547 Y-192.3842
G1 X166.7182 Y-192.3801
G1 X166.7688 Y-192.3788
G1 X166.8074 Y-192.3809
G1 X166.8361 Y-192.3857
G1 X166.8562 Y-192.3933
G1 X166.8689 Y-192.4035
G1 X166.8762 Y-192.4164
G1 X166.8795 Y-192.4322
G1 X166.8803 Y-192.4502
G1 X166.8790 Y-192.4588
G1 X166.8699 Y-192.5018
G1 X166.8252 Y-192.6864
G1 X166.7243 Y-193.0860
G1 X166.6715 Y-193.2932
G1 X166.2290 Y-195.0019
G1 X165.8452 Y-196.4698
G1 X165.2016 Y-198.9155
G1 X164.6070 Y-201.1591
G1 X164.2092 Y-202.6481
G1 X163.9710 Y-203.5289
G1 X163.7891 Y-204.1926
G1 X163.6578 Y-204.6666
G1 X163.5308 Y-205.1200
G1 X163.3289 Y-205.8302
G1 X163.2138 Y-206.2287
G1 X163.0670 Y-206.7281
G1 X162.9621 Y-207.0786
G1 X162.8615 Y-207.4085
G1 X162.7655 Y-207.7176
G1 X162.6738 Y-208.0062
G1 X162.5867 Y-208.2739
G1 X162.5039 Y-208.5208
G1 X162.4256 Y-208.7471
G1 X162.3758 Y-208.8863
G1 X162.3281 Y-209.0163
G1 X162.2824 Y-209.1372
G1 X162.2387 Y-209.2488
G1 X162.1968 Y-209.3509
G1 X162.1572 Y-209.4441
G1 X162.1193 Y-209.5276
G1 X162.1013 Y-209.5660
G1 X162.0550 Y-209.6597
G1 X162.0081 Y-209.7504
G1 X161.9601 Y-209.8378
G1 X161.9110 Y-209.9221
G1 X161.8610 Y-210.0034
G1 X161.8097 Y-210.0819
G1 X161.7569 Y-210.1573
G1 X161.7028 Y-210.2302
G1 X161.6469 Y-210.3003
G1 X161.5895 Y-210.3681
G1 X161.5300 Y-210.4332
G1 X161.4686 Y-210.4959
G1 X161.4051 Y-210.5563
G1 X161.3395 Y-210.6148
G1 X161.2715 Y-210.6709
G1 X161.2011 Y-210.7250
G1 X161.1282 Y-210.7771
G1 X161.0525 Y-210.8274
G1 X160.9740 Y-210.8759
G1 X160.8927 Y-210.9229
G1 X160.8084 Y-210.9681
G1 X160.7208 Y-211.0118
G1 X160.6299 Y-211.0542
G1 X160.5359 Y-211.0951
G1 X160.4381 Y-211.1350
G1 X160.3367 Y-211.1733
G1 X160.2316 Y-211.2109
G1 X160.1226 Y-211.2475
G1 X160.0098 Y-211.2830
G1 X159.8927 Y-211.3178
G1 X159.7716 Y-211.3521
G1 X159.6461 Y-211.3854
G1 X159.4071 Y-211.4502
G1 X159.2054 Y-211.5099
G1 X159.0619 Y-211.5579
G1 X158.9982 Y-211.5876
G1 X158.9738 Y-211.6473
G1 X158.9509 Y-211.7613
G1 X158.9306 Y-211.9109
G1 X158.9148 Y-212.0776
G1 X158.9049 Y-212.2427
G1 X158.9019 Y-212.3872
G1 X158.9077 Y-212.4928
G1 X158.9237 Y-212.5411
G1 X158.9517 Y-212.5444
G1 X159.0116 Y-212.5416
G1 X159.1000 Y-212.5335
G1 X159.2130 Y-212.5203
G1 X159.3469 Y-212.5025
G1 X159.4978 Y-212.4804
G1 X159.6621 Y-212.4550
G1 X159.8364 Y-212.4263
G1 X160.0578 Y-212.3892
G1 X160.2737 Y-212.3542
G1 X160.4841 Y-212.3209
G1 X160.6895 Y-212.2894
G1 X160.8899 Y-212.2599
G1 X161.0858 Y-212.2325
G1 X161.2770 Y-212.2068
G1 X161.4645 Y-212.1830
G1 X161.6479 Y-212.1609
G1 X161.8277 Y-212.1405
G1 X162.0040 Y-212.1220
G1 X162.1772 Y-212.1055
G1 X162.3477 Y-212.0905
G1 X162.5155 Y-212.0776
G1 X162.6809 Y-212.0661
G1 X162.8442 Y-212.0565
G1 X163.0055 Y-212.0486
G1 X163.1653 Y-212.0422
G1 X163.3238 Y-212.0377
G1 X163.4813 Y-212.0349
G1 X163.6375 Y-212.0336
G1 X163.7934 Y-212.0341
G1 X163.9489 Y-212.0362
G1 X164.1043 Y-212.0400
G1 X164.2598 Y-212.0453
G1 X164.4157 Y-212.0522
G1 X164.5722 Y-212.0608
G1 X164.7297 Y-212.0709
G1 X164.8882 Y-212.0824
G1 X165.0482 Y-212.0956
G1 X165.2097 Y-212.1103
G1 X165.3733 Y-212.1266
G1 X165.5719 Y-212.1454
G1 X165.7822 Y-212.1621
G1 X165.9984 Y-212.1766
G1 X166.2135 Y-212.1886
G1 X166.4216 Y-212.1974
G1 X166.6161 Y-212.2030
G1 X166.7904 Y-212.2053
G1 X166.9382 Y-212.2035
G1 X167.5806 Y-212.1855
G1 X167.6905 Y-211.7545
G1 X167.7314 Y-211.5817
G1 X167.7609 Y-211.4293
G1 X167.7767 Y-211.3140
G1 X167.7754 Y-211.2523
G1 X167.7599 Y-211.2350
G1 X167.7269 Y-211.2206
G1 X167.6758 Y-211.2081
G1 X167.6067 Y-211.1985
G1 X167.5194 Y-211.1908
G1 X167.4137 Y-211.1858
G1 X167.2892 Y-211.1830
G1 X167.0319 Y-211.1817
G1 X166.9207 Y-211.1789
G1 X166.8120 Y-211.1738
G1 X166.7053 Y-211.1662
G1 X166.5999 Y-211.1560
G1 X166.4955 Y-211.1433
G1 X166.3916 Y-211.1281
G1 X166.2875 Y-211.1101
G1 X166.1825 Y-211.0890
G1 X166.0769 Y-211.0649
G1 X165.9692 Y-211.0379
G1 X165.8597 Y-211.0077
G1 X165.7474 Y-210.9742
G1 X165.6319 Y-210.9373
G1 X165.5127 Y-210.8970
G1 X165.3893 Y-210.8533
G1 X165.2082 Y-210.7824
G1 X165.1051 Y-210.7245
G1 X165.0624 Y-210.6661
G1 X165.0639 Y-210.5939
G1 X165.1231 Y-210.3145
G1 X165.1973 Y-209.9770
G1 X165.2915 Y-209.5637
G1 X165.3990 Y-209.1106
G1 X165.5051 Y-208.6752
G1 X165.6728 Y-208.0047
G1 X165.8490 Y-207.3123
G1 X166.0911 Y-206.3735
G1 X166.4652 Y-204.9353
G1 X167.5227 Y-200.8848
G1 X167.6651 Y-201.0595
G1 X167.7040 Y-201.1098
G1 X167.7599 Y-201.1858
G1 X167.8300 Y-201.2838
G1 X167.9118 Y-201.4002
G1 X168.0030 Y-201.5310
G1 X168.1005 Y-201.6727
G1 X168.2018 Y-201.8213
G1 X168.3449 Y-202.0334
G1 X168.4241 Y-202.1543
G1 X168.5018 Y-202.2752
G1 X168.5402 Y-202.3359
G1 X168.6156 Y-202.4583
G1 X168.6900 Y-202.5818
G1 X168.7632 Y-202.7072
G1 X168.8356 Y-202.8347
G1 X168.9072 Y-202.9645
G1 X168.9428 Y-203.0306
G1 X169.0136 Y-203.1649
G1 X169.0489 Y-203.2335
G1 X169.1193 Y-203.3732
G1 X169.1546 Y-203.4446
G1 X169.2250 Y-203.5907
G1 X169.2956 Y-203.7415
G1 X169.3311 Y-203.8185
G1 X169.4023 Y-203.9770
G1 X169.4741 Y-204.1411
G1 X169.5470 Y-204.3110
G1 X169.6207 Y-204.4873
G1 X169.6954 Y-204.6707
G1 X169.7716 Y-204.8609
G1 X169.8490 Y-205.0590
G1 X169.9283 Y-205.2648
G1 X170.0093 Y-205.4791
G1 X170.0924 Y-205.7022
G1 X170.1775 Y-205.9343
G1 X170.3095 Y-206.3006
G1 X170.4010 Y-206.5574
G1 X170.4950 Y-206.8246
G1 X170.6415 Y-207.2460
G1 X170.7952 Y-207.6933
G1 X170.9737 Y-208.2150
G1 X171.0977 Y-208.5703
G1 X171.1589 Y-208.7438
G1 X171.2801 Y-209.0824
G1 X171.3400 Y-209.2477
G1 X171.4589 Y-209.5703
G1 X171.5176 Y-209.7275
G1 X171.5760 Y-209.8822
G1 X171.6342 Y-210.0346
G1 X171.7495 Y-210.3316
G1 X171.8638 Y-210.6188
G1 X171.9204 Y-210.7590
G1 X171.9770 Y-210.8967
G1 X172.0334 Y-211.0323
G1 X172.0893 Y-211.1654
G1 X172.2011 Y-211.4253
G1 X172.2567 Y-211.5520
G1 X172.3123 Y-211.6765
G1 X172.3677 Y-211.7989
G1 X172.4231 Y-211.9193
G1 X172.4782 Y-212.0377
G1 X172.5336 Y-212.1543
G1 X172.5887 Y-212.2686
G1 X172.6438 Y-212.3811
G1 X172.6989 Y-212.4918
G1 X172.7540 Y-212.6005
G1 X172.8094 Y-212.7075
G1 X172.8645 Y-212.8126
G1 X172.9199 Y-212.9163
G1 X172.9753 Y-213.0179
G1 X173.0306 Y-213.1179
G1 X173.0863 Y-213.2165
G1 X173.1419 Y-213.3133
G1 X173.1978 Y-213.4085
G1 X173.2539 Y-213.5020
G1 X173.3100 Y-213.5942
G1 X173.3667 Y-213.6849
G1 X173.4233 Y-213.7743
G1 X173.4802 Y-213.8622
G1 X173.5374 Y-213.9485
G1 X173.5948 Y-214.0336
G1 X173.6524 Y-214.1174
G1 X173.7103 Y-214.2000
G1 X173.7688 Y-214.2813
G1 X173.8274 Y-214.3615
G1 X173.8864 Y-214.4405
G1 X173.9458 Y-214.5182
G1 X174.0055 Y-214.5949
G1 X174.0657 Y-214.6706
G1 X174.1264 Y-214.7453
G1 X174.1874 Y-214.8190
G1 X174.2491 Y-214.8916
G1 X174.3111 Y-214.9632
G1 X174.3735 Y-215.0341
G1 X174.4365 Y-215.1042
G1 X174.5000 Y-215.1733
G1 X174.5640 Y-215.2416
G1 X174.6672 Y-215.3488
G1 X174.7711 Y-215.4535
G1 X174.8754 Y-215.5551
G1 X174.9806 Y-215.6541
G1 X175.0865 Y-215.7506
G1 X175.1929 Y-215.8444
G1 X175.3004 Y-215.9353
G1 X175.4083 Y-216.0234
G1 X175.5170 Y-216.1090
G1 X175.6265 Y-216.1918
G1 X175.7368 Y-216.2721
G1 X175.8478 Y-216.3498
G1 X175.9598 Y-216.4248
G1 X176.0723 Y-216.4969
G1 X176.1858 Y-216.5665
G1 X176.3001 Y-216.6336
G1 X176.4152 Y-216.6978
G1 X176.5313 Y-216.7595
G1 X176.6481 Y-216.8187
G1 X176.7657 Y-216.8754
G1 X176.8846 Y-216.9292
G1 X177.0040 Y-216.9805
G1 X177.1246 Y-217.0293
G1 X177.2458 Y-217.0755
G1 X177.3682 Y-217.1192
G1 X177.4916 Y-217.1601
G1 X177.6158 Y-217.1987
G1 X177.7411 Y-217.2345
G1 X177.8673 Y-217.2680
G1 X177.9946 Y-217.2990
G1 X178.1228 Y-217.3272
G1 X178.2521 Y-217.3531
G1 X178.3801 Y-217.3737
G1 X178.5264 Y-217.3905
G1 X178.6885 Y-217.4039
G1 X178.8635 Y-217.4138
G1 X179.0484 Y-217.4204
G1 X179.2409 Y-217.4237
G1 X179.4380 Y-217.4237
G1 X179.6372 Y-217.4207
G1 X179.8353 Y-217.4143
G1 X180.0299 Y-217.4049
G1 X180.2181 Y-217.3925
G1 X180.3974 Y-217.3773
G1 X180.5645 Y-217.3592
G1 X180.7174 Y-217.3384
G1 X180.8528 Y-217.3148
G1 X180.9684 Y-217.2886
G1 X181.1909 Y-217.2236
G1 X181.4111 Y-217.1471
G1 X181.6273 Y-217.0603
G1 X181.8391 Y-216.9630
G1 X182.0456 Y-216.8566
G1 X182.2460 Y-216.7412
G1 X182.4391 Y-216.6178
G1 X182.6245 Y-216.4867
G1 X182.8008 Y-216.3491
G1 X182.9676 Y-216.2051
G1 X183.1238 Y-216.0552
G1 X183.2686 Y-215.9008
G1 X183.4012 Y-215.7418
G1 X183.5208 Y-215.5792
G1 X183.6263 Y-215.4136
G1 X183.7169 Y-215.2457
G1 X183.8051 Y-215.0476
G1 X183.8582 Y-214.8698
G1 X183.8838 Y-214.6734
G1 X183.8907 Y-214.4199
G1 X183.8851 Y-214.1774
G1 X183.8653 Y-214.0064
G1 X183.8259 Y-213.8807
G1 X183.7619 Y-213.7740
G1 X183.6415 Y-213.6333
G1 X183.5056 Y-213.5154
G1 X183.3570 Y-213.4205
G1 X183.1978 Y-213.3498
G1 X183.0304 Y-213.3041
G1 X182.8569 Y-213.2843
G1 X182.6798 Y-213.2909
G1 X182.5015 Y-213.3249
G1 X182.3723 Y-213.3697
G1 X182.2519 Y-213.4319
G1 X182.1396 Y-213.5127
G1 X182.0349 Y-213.6122
G1 X181.9372 Y-213.7319
G1 X181.8455 Y-213.8716
G1 X181.7596 Y-214.0326
G1 X181.6788 Y-214.2152
G1 X181.5882 Y-214.4367
G1 X181.5038 Y-214.6371
G1 X181.4246 Y-214.8180
G1 X181.3496 Y-214.9808
G1 X181.2783 Y-215.1268
G1 X181.2092 Y-215.2574
G1 X181.1416 Y-215.3740
G1 X181.0748 Y-215.4776
G1 X181.0078 Y-215.5701
G1 X180.9394 Y-215.6523
G1 X180.8688 Y-215.7260
G1 X180.7954 Y-215.7926
G1 X180.7177 Y-215.8528
G1 X180.6354 Y-215.9086
G1 X180.5470 Y-215.9610
G1 X180.4520 Y-216.0115
G1 X180.3690 Y-216.0509
G1 X180.2841 Y-216.0859
G1 X180.1975 Y-216.1164
G1 X180.1089 Y-216.1426
G1 X180.0189 Y-216.1642
G1 X179.9270 Y-216.1817
G1 X179.8338 Y-216.1946
G1 X179.7393 Y-216.2035
G1 X179.6433 Y-216.2081
G1 X179.5457 Y-216.2084
G1 X179.4474 Y-216.2043
G1 X179.3476 Y-216.1962
G1 X179.2470 Y-216.1837
G1 X179.1454 Y-216.1670
G1 X179.0428 Y-216.1464
G1 X178.9394 Y-216.1215
G1 X178.8353 Y-216.0923
G1 X178.7307 Y-216.0593
G1 X178.6252 Y-216.0222
G1 X178.5196 Y-215.9808
G1 X178.4134 Y-215.9356
G1 X178.3067 Y-215.8863
G1 X178.1998 Y-215.8329
G1 X178.0929 Y-215.7755
G1 X177.9857 Y-215.7143
G1 X177.8785 Y-215.6490
G1 X177.7716 Y-215.5800
G1 X177.6644 Y-215.5071
G1 X177.5577 Y-215.4301
G1 X177.4513 Y-215.3496
G1 X177.3451 Y-215.2650
G1 X177.2394 Y-215.1766
G1 X177.1162 Y-215.0679
G1 X176.9956 Y-214.9549
G1 X176.8772 Y-214.8368
G1 X176.7609 Y-214.7138
G1 X176.6466 Y-214.5858
G1 X176.5338 Y-214.4522
G1 X176.4228 Y-214.3128
G1 X176.3131 Y-214.1677
G1 X176.2046 Y-214.0166
G1 X176.0974 Y-213.8591
G1 X175.9910 Y-213.6950
G1 X175.8856 Y-213.5243
G1 X175.7807 Y-213.3465
G1 X175.6763 Y-213.1619
G1 X175.5722 Y-212.9696
G1 X175.4683 Y-212.7700
G1 X175.3537 Y-212.5419
G1 X175.2707 Y-212.3730
G1 X175.1635 Y-212.1474
G1 X175.1109 Y-212.0336
G1 X175.0588 Y-211.9188
G1 X175.0070 Y-211.8022
G1 X174.9555 Y-211.6836
G1 X174.8780 Y-211.5010
G1 X174.8000 Y-211.3112
G1 X174.7474 Y-211.1804
G1 X174.6402 Y-210.9056
G1 X174.5574 Y-210.6866
G1 X174.4721 Y-210.4553
G1 X174.4132 Y-210.2932
G1 X174.2592 Y-209.8581
G1 X174.1269 Y-209.4756
G1 X173.9857 Y-209.0590
G1 X173.8338 Y-208.6051
G1 X173.4937 Y-207.5713
G1 X173.4251 Y-207.3608
G1 X173.2918 Y-206.9541
G1 X173.0411 Y-206.1969
G1 X172.8661 Y-205.6755
G1 X172.7010 Y-205.1914
G1 X172.5960 Y-204.8881
G1 X172.4459 Y-204.4611
G1 X172.3499 Y-204.1939
G1 X172.3032 Y-204.0654
G1 X172.2117 Y-203.8177
G1 X172.1231 Y-203.5825
G1 X172.0797 Y-203.4692
G1 X172.0367 Y-203.3587
G1 X171.9524 Y-203.1462
G1 X171.9113 Y-203.0438
G1 X171.8297 Y-202.8462
G1 X171.7495 Y-202.6580
G1 X171.6707 Y-202.4784
G1 X171.6316 Y-202.3918
G1 X171.5539 Y-202.2239
G1 X171.5150 Y-202.1426
G1 X171.4381 Y-201.9851
G1 X171.3995 Y-201.9087
G1 X171.3608 Y-201.8335
G1 X171.2836 Y-201.6872
G1 X171.2059 Y-201.5457
G1 X171.1668 Y-201.4766
G1 X171.0875 Y-201.3407
G1 X171.0477 Y-201.2742
G1 X170.9666 Y-201.1426
G1 X170.8841 Y-201.0133
G1 X170.8422 Y-200.9491
G1 X170.7998 Y-200.8853
G1 X170.7131 Y-200.7580
G1 X170.6689 Y-200.6943
G1 X170.5785 Y-200.5670
G1 X170.2686 Y-200.1403
G1 X171.1625 Y-199.5325
G1 X171.3253 Y-199.4210
G1 X171.4889 Y-199.3077
G1 X171.7357 Y-199.1342
G1 X171.9019 Y-199.0166
G1 X172.0687 Y-198.8970
G1 X172.3212 Y-198.7139
G1 X172.4911 Y-198.5896
G1 X172.7482 Y-198.3991
G1 X172.9212 Y-198.2699
G1 X173.0954 Y-198.1385
G1 X173.2712 Y-198.0049
G1 X173.6268 Y-197.7314
G1 X173.8978 Y-197.5203
G1 X174.1721 Y-197.3042
G1 X174.4505 Y-197.0827
G1 X174.7329 Y-196.8558
G1 X175.1157 Y-196.5447
G1 X175.5064 Y-196.2234
G1 X175.9052 Y-195.8917
G1 X176.1079 Y-195.7217
G1 X176.5196 Y-195.3738
G1 X177.4655 Y-194.5660
G1 X177.6240 Y-194.4312
G1 X177.9194 Y-194.1820
G1 X178.1874 Y-193.9582
G1 X178.3118 Y-193.8553
G1 X178.4307 Y-193.7581
G1 X178.5440 Y-193.6661
G1 X178.6522 Y-193.5790
G1 X178.7555 Y-193.4969
G1 X178.8546 Y-193.4195
G1 X178.9496 Y-193.3461
G1 X179.0410 Y-193.2770
G1 X179.1289 Y-193.2114
G1 X179.2138 Y-193.1495
G1 X179.2961 Y-193.0908
G1 X179.3758 Y-193.0352
G1 X179.4538 Y-192.9821
G1 X179.5300 Y-192.9315
G1 X179.6049 Y-192.8833
G1 X179.6791 Y-192.8371
G1 X179.7525 Y-192.7923
G1 X179.8256 Y-192.7492
G1 X179.8988 Y-192.7073
G1 X179.9725 Y-192.6661
G1 X180.0469 Y-192.6255
G1 X180.1226 Y-192.5856
G1 X180.1995 Y-192.5457
G1 X180.2783 Y-192.5056
G1 X180.3618 Y-192.4647
G1 X180.4530 Y-192.4225
G1 X180.5508 Y-192.3793
G1 X180.6545 Y-192.3354
G1 X180.7632 Y-192.2910
G1 X180.8762 Y-192.2463
G1 X180.9925 Y-192.2015
G1 X181.1117 Y-192.1574
G1 X181.2323 Y-192.1142
G1 X181.3540 Y-192.0718
G1 X181.4759 Y-192.0306
G1 X181.5968 Y-191.9915
G1 X181.7162 Y-191.9539
G1 X181.8333 Y-191.9188
G1 X181.9468 Y-191.8863
G1 X182.0565 Y-191.8564
G1 X182.2011 Y-191.8124
G1 X182.2834 Y-191.7583
G1 X182.3273 Y-191.6666
G1 X182.3563 Y-191.5102
G1 X182.3778 Y-191.3062
G1 X182.3717 Y-191.2059
; Retract
G1 Z3.0400 F2540

; Path 11
; Rapid to initial position
G1 X182.1597 Y-191.3672 F2540
G1 Z0.5000
; plunge
G1 Z-2.6750 F127
; cut
G1 X182.1942 Y-191.4065 F1016
G1 X182.1889 Y-191.4901
G1 X182.1779 Y-191.5350
G1 X182.1553 Y-191.5749
G1 X182.1162 Y-191.6125
G1 X182.0550 Y-191.6504
G1 X181.9671 Y-191.6913
G1 X181.8472 Y-191.7380
G1 X181.6903 Y-191.7929
G1 X181.2633 Y-191.9346
G1 X181.1193 Y-191.9839
G1 X180.9135 Y-192.0570
G1 X180.8472 Y-192.0814
G1 X180.7180 Y-192.1304
G1 X180.5927 Y-192.1802
G1 X180.5313 Y-192.2054
G1 X180.4706 Y-192.2308
G1 X180.3512 Y-192.2828
G1 X180.2922 Y-192.3095
G1 X180.2338 Y-192.3367
G1 X180.1757 Y-192.3644
G1 X180.1178 Y-192.3926
G1 X180.0603 Y-192.4215
G1 X180.0027 Y-192.4512
G1 X179.9455 Y-192.4815
G1 X179.8307 Y-192.5444
G1 X179.7731 Y-192.5772
G1 X179.6572 Y-192.6455
G1 X179.5988 Y-192.6814
G1 X179.5402 Y-192.7179
G1 X179.4807 Y-192.7558
G1 X179.4208 Y-192.7946
G1 X179.3603 Y-192.8348
G1 X179.2369 Y-192.9188
G1 X179.1741 Y-192.9628
G1 X179.1101 Y-193.0083
G1 X178.9793 Y-193.1032
G1 X178.9123 Y-193.1530
G1 X178.7741 Y-193.2574
G1 X178.6306 Y-193.3684
G1 X178.4810 Y-193.4865
G1 X178.3248 Y-193.6118
G1 X178.1612 Y-193.7451
G1 X177.9900 Y-193.8863
G1 X177.8102 Y-194.0362
G1 X177.6214 Y-194.1949
G1 X177.4231 Y-194.3628
G1 X176.9956 Y-194.7281
G1 X176.5554 Y-195.1050
G1 X176.0207 Y-195.5579
G1 X175.7055 Y-195.8221
G1 X175.3946 Y-196.0804
G1 X175.0878 Y-196.3331
G1 X174.8853 Y-196.4987
G1 X174.5854 Y-196.7421
G1 X174.3875 Y-196.9013
G1 X174.0939 Y-197.1355
G1 X173.8046 Y-197.3641
G1 X173.6138 Y-197.5134
G1 X173.3309 Y-197.7329
G1 X173.0517 Y-197.9470
G1 X172.7766 Y-198.1556
G1 X172.5054 Y-198.3588
G1 X172.3266 Y-198.4913
G1 X172.0614 Y-198.6857
G1 X171.8000 Y-198.8746
G1 X171.5422 Y-199.0583
G1 X171.2882 Y-199.2366
G1 X171.0380 Y-199.4096
G1 X170.7911 Y-199.5775
G1 X170.6481 Y-199.6755
G1 X170.5148 Y-199.7700
G1 X170.3939 Y-199.8586
G1 X170.2885 Y-199.9389
G1 X170.2013 Y-200.0090
G1 X170.1355 Y-200.0664
G1 X170.0941 Y-200.1088
G1 X170.0794 Y-200.1340
G1 X170.1223 Y-200.2389
G1 X170.2252 Y-200.3842
G1 X170.2813 Y-200.4538
G1 X170.3426 Y-200.5350
G1 X170.4089 Y-200.6272
G1 X170.4792 Y-200.7288
G1 X170.5529 Y-200.8388
G1 X170.6291 Y-200.9562
G1 X170.7073 Y-201.0796
G1 X170.7871 Y-201.2081
G1 X170.8673 Y-201.3405
G1 X170.9473 Y-201.4756
G1 X171.0266 Y-201.6125
G1 X171.1046 Y-201.7497
G1 X171.1800 Y-201.8863
G1 X171.2529 Y-202.0209
G1 X171.3220 Y-202.1528
G1 X171.3870 Y-202.2805
G1 X171.4563 Y-202.4225
G1 X171.5031 Y-202.5216
G1 X171.5747 Y-202.6778
G1 X171.6479 Y-202.8436
G1 X171.7233 Y-203.0207
G1 X171.7751 Y-203.1454
G1 X171.8549 Y-203.3430
G1 X171.9100 Y-203.4824
G1 X171.9953 Y-203.7039
G1 X172.1152 Y-204.0232
G1 X172.2100 Y-204.2825
G1 X172.3438 Y-204.6564
G1 X172.4503 Y-204.9595
G1 X172.6801 Y-205.6277
G1 X172.8473 Y-206.1230
G1 X173.0733 Y-206.8025
G1 X173.3202 Y-207.5533
G1 X173.7012 Y-208.7250
G1 X173.8099 Y-209.0555
G1 X173.9168 Y-209.3747
G1 X174.0220 Y-209.6833
G1 X174.1256 Y-209.9813
G1 X174.1767 Y-210.1266
G1 X174.2783 Y-210.4093
G1 X174.3784 Y-210.6821
G1 X174.4774 Y-210.9455
G1 X174.5755 Y-211.1992
G1 X174.6242 Y-211.3229
G1 X174.6728 Y-211.4441
G1 X174.7210 Y-211.5632
G1 X174.7690 Y-211.6800
G1 X174.8170 Y-211.7949
G1 X174.8648 Y-211.9074
G1 X174.9125 Y-212.0179
G1 X174.9600 Y-212.1263
G1 X175.0075 Y-212.2330
G1 X175.0550 Y-212.3374
G1 X175.1023 Y-212.4400
G1 X175.1495 Y-212.5406
G1 X175.1968 Y-212.6391
G1 X175.2440 Y-212.7362
G1 X175.2912 Y-212.8312
G1 X175.3385 Y-212.9244
G1 X175.3860 Y-213.0158
G1 X175.4332 Y-213.1055
G1 X175.4807 Y-213.1936
G1 X175.5282 Y-213.2800
G1 X175.5757 Y-213.3648
G1 X175.6235 Y-213.4479
G1 X175.6712 Y-213.5294
G1 X175.7192 Y-213.6094
G1 X175.7672 Y-213.6879
G1 X175.8155 Y-213.7651
G1 X175.8640 Y-213.8406
G1 X175.9128 Y-213.9150
G1 X175.9618 Y-213.9876
G1 X176.0108 Y-214.0593
G1 X176.0604 Y-214.1294
G1 X176.1099 Y-214.1982
G1 X176.1599 Y-214.2660
G1 X176.2102 Y-214.3323
G1 X176.2608 Y-214.3976
G1 X176.3116 Y-214.4616
G1 X176.3629 Y-214.5246
G1 X176.4144 Y-214.5866
G1 X176.4665 Y-214.6473
G1 X176.5188 Y-214.7072
G1 X176.5717 Y-214.7659
G1 X176.6250 Y-214.8238
G1 X176.6786 Y-214.8807
G1 X176.7327 Y-214.9368
G1 X176.7873 Y-214.9920
G1 X176.8424 Y-215.0463
G1 X177.0083 Y-215.2035
G1 X177.1711 Y-215.3493
G1 X177.3316 Y-215.4839
G1 X177.4901 Y-215.6074
G1 X177.6473 Y-215.7202
G1 X177.8038 Y-215.8225
G1 X177.9598 Y-215.9145
G1 X178.1162 Y-215.9965
G1 X178.2732 Y-216.0689
G1 X178.4317 Y-216.1319
G1 X178.5920 Y-216.1855
G1 X178.7545 Y-216.2305
G1 X178.9201 Y-216.2665
G1 X179.0890 Y-216.2942
G1 X179.2620 Y-216.3140
G1 X179.4396 Y-216.3257
G1 X179.6555 Y-216.3300
G1 X179.8577 Y-216.3227
G1 X180.0466 Y-216.3031
G1 X180.2234 Y-216.2708
G1 X180.3885 Y-216.2254
G1 X180.5432 Y-216.1659
G1 X180.6877 Y-216.0920
G1 X180.8231 Y-216.0029
G1 X180.9504 Y-215.8985
G1 X181.0697 Y-215.7776
G1 X181.1825 Y-215.6399
G1 X181.2892 Y-215.4850
G1 X181.3908 Y-215.3120
G1 X181.4878 Y-215.1205
G1 X181.5810 Y-214.9102
G1 X181.6715 Y-214.6798
G1 X181.7190 Y-214.5541
G1 X181.7637 Y-214.4390
G1 X181.8061 Y-214.3336
G1 X181.8467 Y-214.2376
G1 X181.8856 Y-214.1504
G1 X181.9234 Y-214.0712
G1 X181.9605 Y-213.9996
G1 X181.9971 Y-213.9345
G1 X182.0337 Y-213.8759
G1 X182.0705 Y-213.8228
G1 X182.1081 Y-213.7745
G1 X182.1467 Y-213.7306
G1 X182.1868 Y-213.6905
G1 X182.2285 Y-213.6531
G1 X182.2727 Y-213.6183
G1 X182.3192 Y-213.5853
G1 X182.5208 Y-213.4933
G1 X182.7606 Y-213.4492
G1 X183.0004 Y-213.4555
G1 X183.2028 Y-213.5157
G1 X183.3700 Y-213.6165
G1 X183.5074 Y-213.7324
G1 X183.6151 Y-213.8632
G1 X183.6931 Y-214.0092
G1 X183.7416 Y-214.1703
G1 X183.7604 Y-214.3468
G1 X183.7494 Y-214.5383
G1 X183.7093 Y-214.7456
G1 X183.6768 Y-214.8583
G1 X183.6377 Y-214.9704
G1 X183.5922 Y-215.0814
G1 X183.5407 Y-215.1911
G1 X183.4830 Y-215.2995
G1 X183.4192 Y-215.4067
G1 X183.3499 Y-215.5121
G1 X183.2750 Y-215.6158
G1 X183.1945 Y-215.7176
G1 X183.1091 Y-215.8175
G1 X183.0187 Y-215.9152
G1 X182.9232 Y-216.0107
G1 X182.8231 Y-216.1040
G1 X182.7187 Y-216.1949
G1 X182.6100 Y-216.2830
G1 X182.4970 Y-216.3684
G1 X182.3801 Y-216.4507
G1 X182.2595 Y-216.5304
G1 X182.1350 Y-216.6066
G1 X182.0075 Y-216.6798
G1 X181.8764 Y-216.7496
G1 X181.7426 Y-216.8157
G1 X181.6054 Y-216.8784
G1 X181.4660 Y-216.9371
G1 X181.3237 Y-216.9919
G1 X181.1792 Y-217.0427
G1 X181.0324 Y-217.0895
G1 X180.8838 Y-217.1319
G1 X180.7332 Y-217.1697
G1 X180.5810 Y-217.2033
G1 X180.4271 Y-217.2320
G1 X180.2722 Y-217.2559
G1 X180.2722 Y-217.2553
G1 X180.0812 Y-217.2787
G1 X179.8904 Y-217.2960
G1 X179.7002 Y-217.3069
G1 X179.5099 Y-217.3120
G1 X179.3204 Y-217.3107
G1 X179.1312 Y-217.3036
G1 X178.9430 Y-217.2906
G1 X178.7553 Y-217.2716
G1 X178.5684 Y-217.2467
G1 X178.3824 Y-217.2160
G1 X178.1973 Y-217.1794
G1 X178.0134 Y-217.1370
G1 X177.8307 Y-217.0887
G1 X177.6491 Y-217.0349
G1 X177.4688 Y-216.9752
G1 X177.2900 Y-216.9096
G1 X177.1127 Y-216.8388
G1 X176.9372 Y-216.7621
G1 X176.7629 Y-216.6800
G1 X176.5907 Y-216.5922
G1 X176.4203 Y-216.4989
G1 X176.2519 Y-216.4001
G1 X176.0852 Y-216.2960
G1 X175.9209 Y-216.1865
G1 X175.7586 Y-216.0714
G1 X175.5988 Y-215.9511
G1 X175.4411 Y-215.8256
G1 X175.2859 Y-215.6945
G1 X175.1335 Y-215.5584
G1 X174.9834 Y-215.4169
G1 X174.8361 Y-215.2703
G1 X174.6915 Y-215.1187
G1 X174.5577 Y-214.9719
G1 X174.4287 Y-214.8256
G1 X174.3042 Y-214.6793
G1 X174.1838 Y-214.5322
G1 X174.0670 Y-214.3839
G1 X173.9532 Y-214.2333
G1 X173.8422 Y-214.0798
G1 X173.7335 Y-213.9229
G1 X173.6263 Y-213.7618
G1 X173.5204 Y-213.5962
G1 X173.4155 Y-213.4248
G1 X173.3108 Y-213.2472
G1 X173.2059 Y-213.0628
G1 X173.1007 Y-212.8710
G1 X172.9943 Y-212.6709
G1 X172.8866 Y-212.4619
G1 X172.8305 Y-212.3511
G1 X172.7751 Y-212.2401
G1 X172.7203 Y-212.1289
G1 X172.6659 Y-212.0171
G1 X172.5585 Y-211.7921
G1 X172.5054 Y-211.6785
G1 X172.4528 Y-211.5645
G1 X172.3484 Y-211.3338
G1 X172.2453 Y-211.0997
G1 X172.1432 Y-210.8611
G1 X172.0924 Y-210.7402
G1 X171.9913 Y-210.4944
G1 X171.9407 Y-210.3694
G1 X171.8904 Y-210.2429
G1 X171.8401 Y-210.1149
G1 X171.7393 Y-209.8538
G1 X171.6385 Y-209.5858
G1 X171.5371 Y-209.3100
G1 X171.4861 Y-209.1690
G1 X171.4350 Y-209.0260
G1 X171.3319 Y-208.7331
G1 X170.9644 Y-207.6643
G1 X170.8005 Y-207.1926
G1 X170.5714 Y-206.5416
G1 X170.4637 Y-206.2401
G1 X170.2613 Y-205.6826
G1 X170.1975 Y-205.5096
G1 X170.1048 Y-205.2617
G1 X170.0451 Y-205.1040
G1 X169.9301 Y-204.8053
G1 X169.8475 Y-204.5955
G1 X169.7680 Y-204.3974
G1 X169.6910 Y-204.2104
G1 X169.6413 Y-204.0915
G1 X169.5925 Y-203.9772
G1 X169.5447 Y-203.8673
G1 X169.4980 Y-203.7616
G1 X169.4520 Y-203.6597
G1 X169.3845 Y-203.5142
G1 X169.3405 Y-203.4217
G1 X169.2755 Y-203.2894
G1 X169.2041 Y-203.1492
G1 X169.1508 Y-203.0484
G1 X169.0949 Y-202.9452
G1 X169.0365 Y-202.8401
G1 X168.9760 Y-202.7331
G1 X168.9136 Y-202.6249
G1 X168.8493 Y-202.5160
G1 X168.7838 Y-202.4065
G1 X168.7172 Y-202.2970
G1 X168.6499 Y-202.1878
G1 X168.5818 Y-202.0794
G1 X168.5135 Y-201.9719
G1 X168.4454 Y-201.8660
G1 X168.3774 Y-201.7621
G1 X168.3098 Y-201.6603
G1 X168.2430 Y-201.5614
G1 X168.1772 Y-201.4654
G1 X168.1127 Y-201.3730
G1 X168.0500 Y-201.2846
G1 X167.9890 Y-201.2003
G1 X167.9301 Y-201.1208
G1 X167.8737 Y-201.0461
G1 X167.8198 Y-200.9770
G1 X167.7690 Y-200.9137
G1 X167.7213 Y-200.8569
G1 X167.6771 Y-200.8066
G1 X167.6367 Y-200.7631
G1 X167.6004 Y-200.7273
G1 X167.5681 Y-200.6994
G1 X167.5404 Y-200.6796
G1 X167.5176 Y-200.6684
G1 X167.4998 Y-200.6663
G1 X167.4967 Y-200.6676
G1 X167.4932 Y-200.6704
G1 X167.4894 Y-200.6750
G1 X167.4851 Y-200.6813
G1 X167.4754 Y-200.6989
G1 X167.4579 Y-200.7380
G1 X167.4442 Y-200.7725
G1 X167.4205 Y-200.8375
G1 X167.4028 Y-200.8899
G1 X167.3728 Y-200.9818
G1 X167.3268 Y-201.1302
G1 X167.2593 Y-201.3575
G1 X167.1452 Y-201.7570
G1 X166.9639 Y-202.4151
G1 X166.7944 Y-203.0435
G1 X166.5691 Y-203.8919
G1 X166.4104 Y-204.4949
G1 X166.0479 Y-205.8830
G1 X165.8483 Y-206.6549
G1 X165.6354 Y-207.4868
G1 X165.4233 Y-208.3293
G1 X165.2951 Y-208.8492
G1 X165.1665 Y-209.3846
G1 X165.1122 Y-209.6173
G1 X165.0647 Y-209.8264
G1 X165.0238 Y-210.0128
G1 X164.9999 Y-210.1245
G1 X164.9791 Y-210.2261
G1 X164.9532 Y-210.3603
G1 X164.9395 Y-210.4375
G1 X164.9286 Y-210.5053
G1 X164.9204 Y-210.5632
G1 X164.9148 Y-210.6120
G1 X164.9123 Y-210.6511
G1 X164.9118 Y-210.6671
G1 X164.9214 Y-210.7710
G1 X164.9649 Y-210.8434
G1 X165.0647 Y-210.9051
G1 X165.2433 Y-210.9772
G1 X165.4790 Y-211.0616
G1 X165.7012 Y-211.1322
G1 X165.9138 Y-211.1898
G1 X166.1216 Y-211.2358
G1 X166.3289 Y-211.2706
G1 X166.5397 Y-211.2950
G1 X166.7589 Y-211.3102
G1 X166.9903 Y-211.3168
G1 X167.6232 Y-211.3239
G1 X167.5872 Y-211.4779
G1 X167.5435 Y-211.6544
G1 X167.4901 Y-211.8624
G1 X167.4297 Y-212.0930
G1 X166.9372 Y-212.0930
G1 X166.8203 Y-212.0908
G1 X166.6768 Y-212.0849
G1 X166.5125 Y-212.0755
G1 X166.3327 Y-212.0631
G1 X166.1429 Y-212.0478
G1 X165.9489 Y-212.0306
G1 X165.7563 Y-212.0115
G1 X165.5707 Y-211.9912
G1 X165.3675 Y-211.9696
G1 X165.1498 Y-211.9508
G1 X164.9204 Y-211.9343
G1 X164.6817 Y-211.9203
G1 X164.4358 Y-211.9092
G1 X164.1851 Y-211.9005
G1 X163.9319 Y-211.8944
G1 X163.6786 Y-211.8911
G1 X163.4274 Y-211.8904
G1 X163.1810 Y-211.8924
G1 X162.9413 Y-211.8972
G1 X162.7109 Y-211.9046
G1 X162.4919 Y-211.9147
G1 X162.2869 Y-211.9274
G1 X162.0982 Y-211.9432
G1 X161.9280 Y-211.9617
G1 X161.7840 Y-211.9800
G1 X161.6166 Y-212.0024
G1 X161.2278 Y-212.0567
G1 X160.7952 Y-212.1190
G1 X160.5730 Y-212.1517
G1 X160.1379 Y-212.2173
G1 X159.9334 Y-212.2485
G1 X159.7429 Y-212.2782
G1 X159.4218 Y-212.3298
G1 X159.2994 Y-212.3506
G1 X159.2082 Y-212.3671
G1 X159.1521 Y-212.3788
G1 X159.1061 Y-212.3897
G1 X159.0726 Y-212.3928
G1 X159.0512 Y-212.3818
G1 X159.0408 Y-212.3506
G1 X159.0411 Y-212.2929
G1 X159.0512 Y-212.2023
G1 X159.0703 Y-212.0722
G1 X159.0977 Y-211.8970
G1 X159.1249 Y-211.7679
G1 X159.1754 Y-211.6920
G1 X159.2816 Y-211.6440
G1 X159.4744 Y-211.5995
G1 X159.6502 Y-211.5602
G1 X159.8234 Y-211.5162
G1 X159.9938 Y-211.4677
G1 X160.1605 Y-211.4146
G1 X160.3233 Y-211.3577
G1 X160.4813 Y-211.2970
G1 X160.6339 Y-211.2327
G1 X160.7810 Y-211.1654
G1 X160.9217 Y-211.0948
G1 X161.0556 Y-211.0217
G1 X161.1821 Y-210.9460
G1 X161.3007 Y-210.8683
G1 X161.4107 Y-210.7885
G1 X161.5115 Y-210.7070
G1 X161.6029 Y-210.6242
G1 X161.6842 Y-210.5401
G1 X161.7335 Y-210.4845
G1 X161.7810 Y-210.4288
G1 X161.8270 Y-210.3727
G1 X161.8717 Y-210.3158
G1 X161.9151 Y-210.2582
G1 X161.9573 Y-210.1987
G1 X161.9987 Y-210.1378
G1 X162.0393 Y-210.0745
G1 X162.0792 Y-210.0087
G1 X162.1185 Y-209.9401
G1 X162.1577 Y-209.8683
G1 X162.1965 Y-209.7928
G1 X162.2354 Y-209.7133
G1 X162.2742 Y-209.6298
G1 X162.3131 Y-209.5416
G1 X162.3527 Y-209.4481
G1 X162.3926 Y-209.3496
G1 X162.4335 Y-209.2452
G1 X162.4749 Y-209.1347
G1 X162.5173 Y-209.0179
G1 X162.5610 Y-208.8944
G1 X162.6057 Y-208.7636
G1 X162.6522 Y-208.6254
G1 X162.7000 Y-208.4791
G1 X162.7495 Y-208.3250
G1 X162.8008 Y-208.1621
G1 X162.8544 Y-207.9902
G1 X162.9677 Y-207.6186
G1 X163.0909 Y-207.2069
G1 X163.1963 Y-206.8500
G1 X163.3342 Y-206.3709
G1 X163.5882 Y-205.4685
G1 X163.9247 Y-204.2531
G1 X164.3827 Y-202.5772
G1 X164.7500 Y-201.2213
G1 X165.2085 Y-199.5165
G1 X165.6583 Y-197.8309
G1 X165.9684 Y-196.6615
G1 X166.3873 Y-195.0674
G1 X166.6243 Y-194.1546
G1 X166.8389 Y-193.3136
G1 X166.9141 Y-193.0133
G1 X166.9880 Y-192.7098
G1 X167.0213 Y-192.5686
G1 X167.0515 Y-192.4314
G1 X167.0601 Y-192.3857
G1 X167.0647 Y-192.3557
G1 X167.0652 Y-192.3468
G1 X167.0634 Y-192.3191
G1 X167.0568 Y-192.2953
G1 X167.0446 Y-192.2747
G1 X167.0261 Y-192.2577
G1 X166.9997 Y-192.2442
G1 X166.9646 Y-192.2341
G1 X166.9202 Y-192.2275
G1 X166.8648 Y-192.2242
G1 X166.7980 Y-192.2242
G1 X166.7182 Y-192.2277
G1 X166.6250 Y-192.2343
G1 X166.5168 Y-192.2445
G1 X166.3931 Y-192.2577
G1 X166.2524 Y-192.2742
G1 X166.0942 Y-192.2940
G1 X165.9171 Y-192.3169
G1 X165.6977 Y-192.3471
G1 X165.4815 Y-192.3801
G1 X165.2687 Y-192.4157
G1 X165.0589 Y-192.4540
G1 X164.8524 Y-192.4949
G1 X164.6491 Y-192.5386
G1 X164.4493 Y-192.5846
G1 X164.2527 Y-192.6331
G1 X164.0599 Y-192.6844
G1 X163.8704 Y-192.7380
G1 X163.6845 Y-192.7941
G1 X163.5021 Y-192.8528
G1 X163.3235 Y-192.9140
G1 X163.1485 Y-192.9775
G1 X162.9773 Y-193.0436
G1 X162.8102 Y-193.1116
G1 X162.6466 Y-193.1825
G1 X162.4874 Y-193.2554
G1 X162.3317 Y-193.3308
G1 X162.1803 Y-193.4083
G1 X162.0329 Y-193.4883
G1 X161.8897 Y-193.5704
G1 X161.7505 Y-193.6547
G1 X161.6156 Y-193.7413
G1 X161.4851 Y-193.8302
G1 X161.3588 Y-193.9211
G1 X161.2372 Y-194.0141
G1 X161.1196 Y-194.1093
G1 X161.0068 Y-194.2066
G1 X160.8983 Y-194.3062
G1 X160.7947 Y-194.4075
G1 X160.6956 Y-194.5112
G1 X160.6047 Y-194.6118
G1 X160.5214 Y-194.7093
G1 X160.4457 Y-194.8043
G1 X160.3769 Y-194.8972
G1 X160.3154 Y-194.9889
G1 X160.2603 Y-195.0799
G1 X160.2118 Y-195.1703
G1 X160.1694 Y-195.2615
G1 X160.1328 Y-195.3532
G1 X160.1018 Y-195.4467
G1 X160.0764 Y-195.5424
G1 X160.0563 Y-195.6405
G1 X160.0408 Y-195.7421
G1 X160.0302 Y-195.8475
G1 X160.0238 Y-195.9574
G1 X160.0218 Y-196.0723
G1 X160.0228 Y-196.2249
G1 X160.0276 Y-196.3509
G1 X160.0378 Y-196.4578
G1 X160.0553 Y-196.5528
G1 X160.0817 Y-196.6438
G1 X160.1188 Y-196.7375
G1 X160.1683 Y-196.8419
G1 X160.2321 Y-196.9640
G1 X160.4094 Y-197.2975
G1 X160.4825 Y-197.4372
G1 X160.5463 Y-197.5607
G1 X160.6012 Y-197.6694
G1 X160.6479 Y-197.7652
G1 X160.6870 Y-197.8492
G1 X160.7195 Y-197.9234
G1 X160.7454 Y-197.9892
G1 X160.7660 Y-198.0476
G1 X160.7812 Y-198.1007
G1 X160.7924 Y-198.1500
G1 X160.7998 Y-198.1967
G1 X160.8038 Y-198.2424
G1 X160.8056 Y-198.2887
G1 X160.8056 Y-198.3372
G1 X160.7805 Y-198.5543
G1 X160.7142 Y-198.7570
G1 X160.6118 Y-198.9409
G1 X160.4777 Y-199.1015
G1 X160.3164 Y-199.2340
G1 X160.1323 Y-199.3341
G1 X159.9301 Y-199.3976
G1 X159.7142 Y-199.4197
G1 X159.5943 Y-199.4149
G1 X159.4838 Y-199.3999
G1 X159.3809 Y-199.3737
G1 X159.2834 Y-199.3354
G1 X159.1892 Y-199.2838
G1 X159.0959 Y-199.2183
G1 X159.0020 Y-199.1373
G1 X158.9049 Y-199.0405
G1 X158.8265 Y-198.9511
G1 X158.7541 Y-198.8561
G1 X158.6878 Y-198.7560
G1 X158.6278 Y-198.6511
G1 X158.5737 Y-198.5414
G1 X158.5260 Y-198.4273
G1 X158.4841 Y-198.3090
G1 X158.4482 Y-198.1865
G1 X158.4185 Y-198.0606
G1 X158.3949 Y-197.9308
G1 X158.3771 Y-197.7979
G1 X158.3654 Y-197.6618
G1 X158.3596 Y-197.5228
G1 X158.3596 Y-197.3814
G1 X158.3654 Y-197.2373
G1 X158.3774 Y-197.0913
G1 X158.3949 Y-196.9435
G1 X158.4183 Y-196.7939
G1 X158.4475 Y-196.6427
G1 X158.4825 Y-196.4903
G1 X158.5234 Y-196.3372
G1 X158.5699 Y-196.1830
G1 X158.6220 Y-196.0286
G1 X158.6799 Y-195.8736
G1 X158.7434 Y-195.7187
G1 X158.8125 Y-195.5640
G1 X158.8872 Y-195.4096
G1 X158.9677 Y-195.2559
G1 X159.0535 Y-195.1030
G1 X159.1450 Y-194.9513
G1 X159.2417 Y-194.8010
G1 X159.3444 Y-194.6521
G1 X159.4185 Y-194.5526
G1 X159.5062 Y-194.4446
G1 X159.6050 Y-194.3293
G1 X159.7139 Y-194.2084
G1 X159.8310 Y-194.0832
G1 X159.9550 Y-193.9554
G1 X160.0843 Y-193.8266
G1 X160.2171 Y-193.6981
G1 X160.3517 Y-193.5716
G1 X160.4871 Y-193.4484
G1 X160.6212 Y-193.3303
G1 X160.7525 Y-193.2183
G1 X160.8795 Y-193.1144
G1 X161.0007 Y-193.0199
G1 X161.1145 Y-192.9364
G1 X161.2191 Y-192.8652
G1 X161.2943 Y-192.8172
G1 X161.3703 Y-192.7703
G1 X161.4475 Y-192.7240
G1 X161.5257 Y-192.6783
G1 X161.6050 Y-192.6336
G1 X161.6852 Y-192.5897
G1 X161.7668 Y-192.5462
G1 X161.8493 Y-192.5038
G1 X161.9329 Y-192.4622
G1 X162.0175 Y-192.4210
G1 X162.1036 Y-192.3809
G1 X162.1904 Y-192.3415
G1 X162.2786 Y-192.3026
G1 X162.3680 Y-192.2648
G1 X162.4584 Y-192.2275
G1 X162.5503 Y-192.1909
G1 X162.6431 Y-192.1551
G1 X162.7373 Y-192.1200
G1 X162.8325 Y-192.0857
G1 X162.9293 Y-192.0522
G1 X163.0271 Y-192.0194
G1 X163.1262 Y-191.9872
G1 X163.2265 Y-191.9559
G1 X163.3284 Y-191.9252
G1 X163.4312 Y-191.8952
G1 X163.5356 Y-191.8660
G1 X163.6413 Y-191.8373
G1 X163.7482 Y-191.8096
G1 X163.8564 Y-191.7824
G1 X163.9661 Y-191.7560
G1 X164.0771 Y-191.7301
G1 X164.1897 Y-191.7052
G1 X164.3035 Y-191.6808
G1 X164.4185 Y-191.6572
G1 X164.5351 Y-191.6341
G1 X164.6532 Y-191.6120
G1 X164.7728 Y-191.5904
G1 X164.8938 Y-191.5693
G1 X165.0162 Y-191.5493
G1 X165.1401 Y-191.5297
G1 X165.2654 Y-191.5107
G1 X165.3924 Y-191.4926
G1 X165.5209 Y-191.4751
G1 X165.6507 Y-191.4581
G1 X165.7822 Y-191.4418
G1 X165.9153 Y-191.4263
G1 X166.0500 Y-191.4114
G1 X166.1861 Y-191.3971
G1 X166.3238 Y-191.3837
G1 X166.4632 Y-191.3707
G1 X166.6042 Y-191.3585
G1 X166.7467 Y-191.3468
G1 X166.8910 Y-191.3359
G1 X167.0367 Y-191.3255
G1 X167.1843 Y-191.3156
G1 X167.4843 Y-191.2981
G1 X167.7911 Y-191.2831
G1 X167.9473 Y-191.2765
G1 X168.1051 Y-191.2706
G1 X168.2643 Y-191.2653
G1 X168.4256 Y-191.2605
G1 X168.5887 Y-191.2564
G1 X170.2041 Y-191.2193
G1 X170.2041 Y-191.2193
G1 X170.0413 Y-191.6440
G1 X169.9895 Y-191.7804
G1 X169.8866 Y-192.0560
G1 X169.7850 Y-192.3364
G1 X169.6842 Y-192.6222
G1 X169.5839 Y-192.9148
G1 X169.5338 Y-193.0641
G1 X169.4335 Y-193.3689
G1 X169.3832 Y-193.5249
G1 X169.3327 Y-193.6834
G1 X169.2821 Y-193.8444
G1 X169.1803 Y-194.1751
G1 X169.1287 Y-194.3451
G1 X169.0769 Y-194.5183
G1 X169.0248 Y-194.6946
G1 X168.9722 Y-194.8744
G1 X168.8655 Y-195.2452
G1 X168.8112 Y-195.4362
G1 X168.7010 Y-195.8307
G1 X168.5882 Y-196.2422
G1 X168.5305 Y-196.4548
G1 X168.4127 Y-196.8942
G1 X168.1696 Y-197.8162
G1 X168.0675 Y-198.2074
G1 X167.8597 Y-199.0118
G1 X167.7444 Y-199.4662
G1 X167.6634 Y-199.7944
G1 X167.6336 Y-199.9209
G1 X167.6225 Y-199.9732
G1 X167.6197 Y-199.9889
G1 X167.6187 Y-199.9976
G1 X167.6212 Y-200.0268
G1 X167.6293 Y-200.0507
G1 X167.6430 Y-200.0687
G1 X167.6634 Y-200.0811
G1 X167.6905 Y-200.0877
G1 X167.7251 Y-200.0880
G1 X167.7675 Y-200.0824
G1 X167.8181 Y-200.0705
G1 X167.8777 Y-200.0522
G1 X167.9466 Y-200.0273
G1 X168.0253 Y-199.9955
G1 X168.1142 Y-199.9572
G1 X168.2140 Y-199.9117
G1 X168.3250 Y-199.8594
G1 X168.4480 Y-199.7994
G1 X168.5831 Y-199.7324
G1 X168.6616 Y-199.6928
G1 X168.7411 Y-199.6519
G1 X168.8214 Y-199.6100
G1 X168.9021 Y-199.5670
G1 X168.9839 Y-199.5228
G1 X169.1495 Y-199.4314
G1 X169.3182 Y-199.3359
G1 X169.4896 Y-199.2358
G1 X169.6644 Y-199.1314
G1 X169.7528 Y-199.0776
G1 X169.9318 Y-198.9666
G1 X170.1140 Y-198.8513
G1 X170.2064 Y-198.7921
G1 X170.3931 Y-198.6702
G1 X170.4876 Y-198.6077
G1 X170.6789 Y-198.4792
G1 X170.7759 Y-198.4134
G1 X170.9717 Y-198.2782
G1 X171.1709 Y-198.1390
G1 X171.3730 Y-197.9953
G1 X171.5783 Y-197.8469
G1 X171.7866 Y-197.6945
G1 X171.8920 Y-197.6166
G1 X172.1051 Y-197.4573
G1 X172.2128 Y-197.3760
G1 X172.4304 Y-197.2102
G1 X172.6514 Y-197.0397
G1 X172.8754 Y-196.8650
G1 X172.9887 Y-196.7761
G1 X173.1028 Y-196.6859
G1 X173.3332 Y-196.5023
G1 X173.5668 Y-196.3141
G1 X173.8036 Y-196.1215
G1 X174.0436 Y-195.9244
G1 X174.4096 Y-195.6204
G1 X174.6578 Y-195.4121
G1 X174.9090 Y-195.1993
G1 X175.1635 Y-194.9818
G1 X175.4045 Y-194.7746
G1 X175.7418 Y-194.4812
G1 X175.9501 Y-194.2978
G1 X176.1449 Y-194.1241
G1 X176.3265 Y-193.9605
G1 X176.4944 Y-193.8071
G1 X176.5732 Y-193.7342
G1 X176.7202 Y-193.5960
G1 X176.7886 Y-193.5310
G1 X176.8531 Y-193.4688
G1 X176.9720 Y-193.3517
G1 X177.0261 Y-193.2973
G1 X177.0766 Y-193.2457
G1 X177.1233 Y-193.1967
G1 X177.1665 Y-193.1505
G1 X177.2059 Y-193.1071
G1 X177.2417 Y-193.0664
G1 X177.2740 Y-193.0286
G1 X177.3024 Y-192.9938
G1 X177.3271 Y-192.9615
G1 X177.3479 Y-192.9323
G1 X177.3649 Y-192.9059
G1 X177.3784 Y-192.8823
G1 X177.4332 Y-192.7294
G1 X177.4271 Y-192.6006
G1 X177.3598 Y-192.4947
G1 X177.2310 Y-192.4111
G1 X177.1858 Y-192.3936
G1 X177.1269 Y-192.3766
G1 X177.0553 Y-192.3595
G1 X176.9727 Y-192.3430
G1 X176.8798 Y-192.3268
G1 X176.7782 Y-192.3113
G1 X176.6689 Y-192.2968
G1 X176.5536 Y-192.2831
G1 X176.4330 Y-192.2704
G1 X176.3085 Y-192.2589
G1 X176.1813 Y-192.2488
G1 X176.0527 Y-192.2402
G1 X175.9242 Y-192.2333
G1 X175.7964 Y-192.2280
G1 X175.6712 Y-192.2247
G1 X175.5496 Y-192.2234
G1 X175.0830 Y-192.2224
G1 X175.2778 Y-191.3468
G1 X175.7086 Y-191.3811
G1 X175.8828 Y-191.3946
G1 X176.2237 Y-191.4195
G1 X176.5546 Y-191.4418
G1 X176.8759 Y-191.4616
G1 X177.1881 Y-191.4789
G1 X177.3408 Y-191.4865
G1 X177.6397 Y-191.4997
G1 X177.9300 Y-191.5104
G1 X178.0723 Y-191.5150
G1 X178.3507 Y-191.5218
G1 X178.4871 Y-191.5244
G1 X178.7543 Y-191.5274
G1 X179.0144 Y-191.5279
G1 X179.1419 Y-191.5272
G1 X179.2676 Y-191.5259
G1 X179.3918 Y-191.5241
G1 X179.5145 Y-191.5216
G1 X179.6354 Y-191.5183
G1 X179.7550 Y-191.5145
G1 X179.8734 Y-191.5102
G1 X179.9900 Y-191.5051
G1 X180.1053 Y-191.4995
G1 X180.3509 Y-191.4855
G1 X180.8681 Y-191.4535
G1 X181.2232 Y-191.4299
G1 X181.5254 Y-191.4083
G1 X181.6865 Y-191.3959
G1 X181.8071 Y-191.3854
G1 X182.0550 Y-191.3618
G1 X182.1597 Y-191.3672
; Retract
G1 Z3.0400 F2540

; Path 12
; Rapid to initial position
G1 X186.7360 Y-198.5569 F2540
G1 Z0.5000
; plunge
G1 Z-2.6750 F127
; cut
G1 X186.6997 Y-198.5973 F1016
G1 X186.7405 Y-198.6260
G1 X186.7725 Y-198.5419
G1 X186.7725 Y-198.5419
G1 X186.7360 Y-198.5569
; Retract
G1 Z3.0400 F2540

; Path 13
; Rapid to initial position
G1 X186.6176 Y-198.6968 F2540
G1 Z0.5000
; plunge
G1 Z-2.6750 F127
; cut
G1 X186.6166 Y-198.6986 F1016
G1 X186.6770 Y-198.7647
G1 X186.6862 Y-198.7677
G1 X186.6956 Y-198.7431
G1 X186.6176 Y-198.6968
G1 X186.6176 Y-198.6968
; Retract
G1 Z3.0400 F2540

; Path 14
; Rapid to initial position
G1 X186.6166 Y-198.6984 F2540
G1 Z0.5000
; plunge
G1 Z-2.6750 F127
; cut
G1 X186.6158 Y-198.6978 F1016
G1 X186.6158 Y-198.6978
G1 X186.6128 Y-198.7012
G1 X186.6166 Y-198.6984
; Retract
G1 Z3.0400 F2540

; Path 15
; Rapid to initial position
G1 X188.0459 Y-210.6930 F2540
G1 Z0.5000
; plunge
G1 Z-2.6750 F127
; cut
G1 X188.0433 Y-210.7019 F1016
G1 X188.0433 Y-210.7154
G1 X188.0525 Y-210.7214
G1 X188.0530 Y-210.6953
G1 X188.0459 Y-210.6930
G1 X188.0459 Y-210.6930
; Retract
G1 Z3.0400 F2540

; Path 16
; Rapid to initial position
G1 X166.3644 Y-162.8046 F2540
G1 Z0.5000
; plunge
G1 Z-2.6750 F127
; cut
G1 X166.3713 Y-162.7977 F1016
G1 X166.3842 Y-162.7797
G1 X166.4030 Y-162.7502
G1 X166.4569 Y-162.6593
G1 X166.5318 Y-162.5282
G1 X166.6796 Y-162.2626
G1 X166.8658 Y-161.9227
G1 X167.1643 Y-161.3720
G1 X167.5087 Y-160.7309
G1 X168.0840 Y-159.6525
G1 X168.6926 Y-158.5044
G1 X169.0957 Y-157.7396
G1 X169.4823 Y-157.0030
G1 X169.8396 Y-156.3182
G1 X170.1556 Y-155.7089
G1 X170.2940 Y-155.4399
G1 X170.4729 Y-155.0894
G1 X170.5707 Y-154.8953
G1 X170.6494 Y-154.7365
G1 X170.7076 Y-154.6156
G1 X170.7284 Y-154.5704
G1 X170.7436 Y-154.5359
G1 X170.7528 Y-154.5123
G1 X170.7561 Y-154.5001
G1 X170.5628 Y-154.4556
G1 X170.5628 Y-154.4556
G1 X170.4078 Y-154.4610
G1 X170.2206 Y-154.4767
G1 X170.0085 Y-154.5018
G1 X169.7799 Y-154.5354
G1 X169.5427 Y-154.5765
G1 X169.3045 Y-154.6243
G1 X169.0736 Y-154.6774
G1 X168.8574 Y-154.7353
G1 X168.6814 Y-154.7894
G1 X168.5056 Y-154.8498
G1 X168.3311 Y-154.9154
G1 X168.1589 Y-154.9860
G1 X167.9898 Y-155.0609
G1 X167.8249 Y-155.1396
G1 X167.6654 Y-155.2214
G1 X167.5117 Y-155.3060
G1 X167.3654 Y-155.3929
G1 X167.2272 Y-155.4810
G1 X167.0982 Y-155.5702
G1 X166.9791 Y-155.6598
G1 X166.8709 Y-155.7492
G1 X166.7749 Y-155.8379
G1 X166.6921 Y-155.9255
G1 X166.6230 Y-156.0111
G1 X166.4919 Y-156.2016
G1 X166.3690 Y-156.4023
G1 X166.2544 Y-156.6121
G1 X166.1485 Y-156.8298
G1 X166.0515 Y-157.0548
G1 X165.9639 Y-157.2857
G1 X165.8856 Y-157.5219
G1 X165.8170 Y-157.7619
G1 X165.7586 Y-158.0050
G1 X165.7104 Y-158.2504
G1 X165.6725 Y-158.4965
G1 X165.6456 Y-158.7426
G1 X165.6298 Y-158.9877
G1 X165.6253 Y-159.2308
G1 X165.6324 Y-159.4711
G1 X165.6514 Y-159.7071
G1 X165.6707 Y-159.8806
G1 X165.6913 Y-160.0505
G1 X165.7132 Y-160.2176
G1 X165.7365 Y-160.3832
G1 X165.7619 Y-160.5481
G1 X165.7891 Y-160.7129
G1 X165.8186 Y-160.8793
G1 X165.8503 Y-161.0477
G1 X165.8844 Y-161.2191
G1 X165.9214 Y-161.3946
G1 X165.9613 Y-161.5755
G1 X166.0042 Y-161.7622
G1 X166.0505 Y-161.9560
G1 X166.1000 Y-162.1577
G1 X166.1533 Y-162.3685
G1 X166.2105 Y-162.5890
G1 X166.2796 Y-162.7607
G1 X166.3644 Y-162.8046
; Retract
G1 Z3.0400 F2540

; Path 17
; Rapid to initial position
G1 X166.3837 Y-162.5288 F2540
G1 Z0.5000
; plunge
G1 Z-2.6750 F127
; cut
G1 X166.3705 Y-162.5196 F1016
G1 X166.3558 Y-162.4978
G1 X166.3395 Y-162.4640
G1 X166.3217 Y-162.4193
G1 X166.3027 Y-162.3639
G1 X166.2826 Y-162.2986
G1 X166.2615 Y-162.2245
G1 X166.2394 Y-162.1417
G1 X166.2168 Y-162.0510
G1 X166.1935 Y-161.9529
G1 X166.1696 Y-161.8488
G1 X166.1455 Y-161.7386
G1 X166.1211 Y-161.6232
G1 X166.0964 Y-161.5034
G1 X166.0721 Y-161.3799
G1 X166.0477 Y-161.2532
G1 X166.0238 Y-161.1239
G1 X166.0002 Y-160.9931
G1 X165.9773 Y-160.8607
G1 X165.9550 Y-160.7282
G1 X165.9334 Y-160.5958
G1 X165.9131 Y-160.4645
G1 X165.8935 Y-160.3345
G1 X165.8752 Y-160.2067
G1 X165.8584 Y-160.0820
G1 X165.8430 Y-159.9606
G1 X165.8290 Y-159.8435
G1 X165.8170 Y-159.7315
G1 X165.8069 Y-159.6248
G1 X165.7985 Y-159.5244
G1 X165.7924 Y-159.4310
G1 X165.7871 Y-159.2974
G1 X165.7855 Y-159.1622
G1 X165.7878 Y-159.0266
G1 X165.7942 Y-158.8902
G1 X165.8038 Y-158.7533
G1 X165.8173 Y-158.6161
G1 X165.8343 Y-158.4790
G1 X165.8546 Y-158.3423
G1 X165.8783 Y-158.2059
G1 X165.9054 Y-158.0703
G1 X165.9357 Y-157.9354
G1 X165.9689 Y-157.8021
G1 X166.0053 Y-157.6697
G1 X166.0444 Y-157.5392
G1 X166.0865 Y-157.4107
G1 X166.1312 Y-157.2839
G1 X166.1790 Y-157.1597
G1 X166.2290 Y-157.0378
G1 X166.2816 Y-156.9187
G1 X166.3367 Y-156.8026
G1 X166.3941 Y-156.6896
G1 X166.4538 Y-156.5801
G1 X166.5158 Y-156.4744
G1 X166.5798 Y-156.3723
G1 X166.6458 Y-156.2745
G1 X166.7137 Y-156.1810
G1 X166.7835 Y-156.0921
G1 X166.8551 Y-156.0081
G1 X166.9283 Y-155.9288
G1 X167.0032 Y-155.8549
G1 X167.0794 Y-155.7866
G1 X167.1571 Y-155.7238
G1 X167.2902 Y-155.6278
G1 X167.4340 Y-155.5341
G1 X167.5874 Y-155.4429
G1 X167.7500 Y-155.3548
G1 X167.9207 Y-155.2699
G1 X168.0985 Y-155.1887
G1 X168.2826 Y-155.1112
G1 X168.4724 Y-155.0380
G1 X168.6664 Y-154.9695
G1 X168.8643 Y-154.9057
G1 X169.0649 Y-154.8470
G1 X169.2676 Y-154.7939
G1 X169.4711 Y-154.7470
G1 X169.6750 Y-154.7058
G1 X169.8780 Y-154.6715
G1 X170.0794 Y-154.6438
G1 X170.2592 Y-154.6228
G1 X170.4076 Y-154.6068
G1 X170.5089 Y-154.5974
G1 X170.5483 Y-154.5958
G1 X170.5483 Y-154.5958
G1 X170.5384 Y-154.6169
G1 X170.4576 Y-154.7757
G1 X170.0172 Y-155.6266
G1 X169.2034 Y-157.1897
G1 X168.1856 Y-159.1384
G1 X167.6959 Y-160.0728
G1 X167.2603 Y-160.9016
G1 X166.8325 Y-161.7119
G1 X166.5361 Y-162.2689
G1 X166.4259 Y-162.4721
G1 X166.4104 Y-162.4998
G1 X166.4000 Y-162.5173
G1 X166.3949 Y-162.5249
G1 X166.3837 Y-162.5288
; Retract
G1 Z3.0400 F2540

; Path 18
; Rapid to initial position
G1 X188.5023 Y-120.4087 F2540
G1 Z0.5000
; plunge
G1 Z-2.6750 F127
; cut
G1 X188.5064 Y-120.4034 F1016
G1 X188.5206 Y-120.3800
G1 X188.7002 Y-120.0516
G1 X189.3618 Y-118.8080
G1 X190.9318 Y-115.8293
G1 X194.6067 Y-108.8260
G1 X203.1591 Y-92.4761
G1 X210.5332 Y-78.3407
G1 X213.8558 Y-71.9493
G1 X214.9287 Y-69.8739
G1 X215.2757 Y-69.1975
G1 X215.5055 Y-68.7413
G1 X215.5375 Y-68.6740
G1 X215.5424 Y-68.6610
G1 X215.4809 Y-68.5678
G1 X215.4809 Y-68.5678
G1 X215.4682 Y-68.5719
G1 X215.4443 Y-68.5833
G1 X215.4095 Y-68.6021
G1 X215.3648 Y-68.6278
G1 X215.3102 Y-68.6600
G1 X215.1746 Y-68.7423
G1 X215.0072 Y-68.8464
G1 X214.8124 Y-68.9694
G1 X214.4791 Y-69.1827
G1 X214.2358 Y-69.3397
G1 X213.8507 Y-69.5907
G1 X213.4547 Y-69.8510
G1 X213.0631 Y-70.1114
G1 X212.8119 Y-70.2798
G1 X212.5739 Y-70.4406
G1 X212.3534 Y-70.5912
G1 X211.9947 Y-70.8401
G1 X211.7402 Y-71.0181
G1 X211.4873 Y-71.1965
G1 X211.2363 Y-71.3748
G1 X210.8632 Y-71.6422
G1 X210.6163 Y-71.8205
G1 X210.2495 Y-72.0880
G1 X209.8868 Y-72.3557
G1 X209.6468 Y-72.5343
G1 X209.4088 Y-72.7131
G1 X209.1723 Y-72.8919
G1 X208.8208 Y-73.1601
G1 X208.7044 Y-73.2495
G1 X208.3577 Y-73.5183
G1 X208.0148 Y-73.7873
G1 X207.6757 Y-74.0565
G1 X207.4515 Y-74.2363
G1 X207.2289 Y-74.4162
G1 X207.0080 Y-74.5962
G1 X206.6793 Y-74.8668
G1 X206.4621 Y-75.0473
G1 X206.1395 Y-75.3186
G1 X205.9262 Y-75.4997
G1 X205.7146 Y-75.6811
G1 X205.5043 Y-75.8627
G1 X205.1919 Y-76.1355
G1 X204.9854 Y-76.3179
G1 X204.7804 Y-76.5002
G1 X204.4756 Y-76.7745
G1 X204.1743 Y-77.0496
G1 X203.9750 Y-77.2333
G1 X203.7773 Y-77.4172
G1 X203.5810 Y-77.6016
G1 X203.2892 Y-77.8787
G1 X203.0004 Y-78.1566
G1 X202.8096 Y-78.3425
G1 X202.6201 Y-78.5284
G1 X202.3387 Y-78.8083
G1 X202.1525 Y-78.9955
G1 X201.9678 Y-79.1830
G1 X201.6933 Y-79.4649
G1 X201.5119 Y-79.6534
G1 X201.3318 Y-79.8424
G1 X201.0641 Y-80.1266
G1 X200.8871 Y-80.3168
G1 X200.7116 Y-80.5073
G1 X200.5371 Y-80.6983
G1 X200.3638 Y-80.8899
G1 X200.1919 Y-81.0819
G1 X200.0212 Y-81.2744
G1 X199.7674 Y-81.5640
G1 X199.5998 Y-81.7578
G1 X199.4332 Y-81.9523
G1 X199.1855 Y-82.2447
G1 X199.0220 Y-82.4405
G1 X198.8797 Y-82.6122
G1 X198.7382 Y-82.7842
G1 X198.5978 Y-82.9567
G1 X198.4581 Y-83.1294
G1 X198.3194 Y-83.3026
G1 X198.1817 Y-83.4758
G1 X198.0448 Y-83.6496
G1 X197.9087 Y-83.8238
G1 X197.7735 Y-83.9981
G1 X197.6394 Y-84.1728
G1 X197.5061 Y-84.3481
G1 X197.3735 Y-84.5233
G1 X197.2419 Y-84.6991
G1 X197.1114 Y-84.8751
G1 X196.9816 Y-85.0516
G1 X196.8528 Y-85.2282
G1 X196.7248 Y-85.4052
G1 X196.5978 Y-85.5828
G1 X196.4715 Y-85.7603
G1 X196.3463 Y-85.9384
G1 X196.2221 Y-86.1167
G1 X196.0984 Y-86.2955
G1 X195.9760 Y-86.4743
G1 X195.8543 Y-86.6536
G1 X195.7337 Y-86.8332
G1 X195.6138 Y-87.0133
G1 X195.4947 Y-87.1934
G1 X195.3768 Y-87.3740
G1 X195.2595 Y-87.5548
G1 X195.1434 Y-87.7362
G1 X195.0278 Y-87.9178
G1 X194.9135 Y-88.0994
G1 X194.8000 Y-88.2818
G1 X194.6872 Y-88.4641
G1 X194.5754 Y-88.6470
G1 X194.4647 Y-88.8299
G1 X194.3547 Y-89.0135
G1 X194.2457 Y-89.1972
G1 X194.1375 Y-89.3811
G1 X194.0303 Y-89.5655
G1 X193.9242 Y-89.7501
G1 X193.8188 Y-89.9351
G1 X193.7141 Y-90.1205
G1 X193.6105 Y-90.3059
G1 X193.5079 Y-90.4918
G1 X193.4060 Y-90.6780
G1 X193.3052 Y-90.8647
G1 X193.2051 Y-91.0514
G1 X193.1060 Y-91.2386
G1 X193.0080 Y-91.4260
G1 X192.9107 Y-91.6137
G1 X192.8144 Y-91.8017
G1 X192.7189 Y-91.9899
G1 X192.6245 Y-92.1786
G1 X192.5307 Y-92.3676
G1 X192.4380 Y-92.5568
G1 X192.3463 Y-92.7463
G1 X192.2554 Y-92.9361
G1 X192.1655 Y-93.1263
G1 X192.0763 Y-93.3166
G1 X191.9882 Y-93.5073
G1 X191.9011 Y-93.6983
G1 X191.8147 Y-93.8896
G1 X191.7291 Y-94.0813
G1 X191.6448 Y-94.2731
G1 X191.5610 Y-94.4654
G1 X191.4784 Y-94.6577
G1 X191.3966 Y-94.8505
G1 X191.3158 Y-95.0435
G1 X191.2358 Y-95.2370
G1 X191.1568 Y-95.4306
G1 X191.0786 Y-95.6244
G1 X191.0014 Y-95.8187
G1 X190.9252 Y-96.0133
G1 X190.8498 Y-96.2081
G1 X190.7753 Y-96.4032
G1 X190.7017 Y-96.5985
G1 X190.6293 Y-96.7941
G1 X190.5574 Y-96.9902
G1 X190.4865 Y-97.1862
G1 X190.4167 Y-97.3828
G1 X190.3479 Y-97.5794
G1 X190.2798 Y-97.7765
G1 X190.2127 Y-97.9739
G1 X190.1464 Y-98.1715
G1 X190.0812 Y-98.3694
G1 X190.0169 Y-98.5677
G1 X189.9534 Y-98.7661
G1 X189.8909 Y-98.9647
G1 X189.8292 Y-99.1639
G1 X189.7685 Y-99.3633
G1 X189.7088 Y-99.5627
G1 X189.6499 Y-99.7626
G1 X189.5919 Y-99.9627
G1 X189.5348 Y-100.1631
G1 X189.4789 Y-100.3638
G1 X189.4235 Y-100.5647
G1 X189.3694 Y-100.7659
G1 X189.3161 Y-100.9673
G1 X189.2635 Y-101.1692
G1 X189.2122 Y-101.3711
G1 X189.1617 Y-101.5733
G1 X189.1119 Y-101.7760
G1 X189.0634 Y-101.9787
G1 X189.0154 Y-102.1819
G1 X188.9686 Y-102.3854
G1 X188.9227 Y-102.5888
G1 X188.8777 Y-102.7928
G1 X188.8335 Y-102.9970
G1 X188.7903 Y-103.2015
G1 X188.7482 Y-103.4059
G1 X188.7068 Y-103.6109
G1 X188.6664 Y-103.8161
G1 X188.6270 Y-104.0216
G1 X188.5884 Y-104.2274
G1 X188.5508 Y-104.4334
G1 X188.5142 Y-104.6396
G1 X188.4784 Y-104.8461
G1 X188.4436 Y-105.0529
G1 X188.4096 Y-105.2599
G1 X188.3768 Y-105.4672
G1 X188.3448 Y-105.6747
G1 X188.3136 Y-105.8824
G1 X188.2833 Y-106.0905
G1 X188.2541 Y-106.2987
G1 X188.2259 Y-106.5073
G1 X188.1985 Y-106.7161
G1 X188.1721 Y-106.9254
G1 X188.1477 Y-107.1240
G1 X188.1241 Y-107.3221
G1 X188.0794 Y-107.7150
G1 X188.0382 Y-108.1047
G1 X188.0001 Y-108.4910
G1 X187.9656 Y-108.8748
G1 X187.9496 Y-109.0658
G1 X187.9343 Y-109.2563
G1 X187.9199 Y-109.4463
G1 X187.9062 Y-109.6355
G1 X187.8935 Y-109.8245
G1 X187.8815 Y-110.0132
G1 X187.8602 Y-110.3894
G1 X187.8508 Y-110.5771
G1 X187.8421 Y-110.7646
G1 X187.8345 Y-110.9518
G1 X187.8277 Y-111.1387
G1 X187.8216 Y-111.3259
G1 X187.8162 Y-111.5129
G1 X187.8081 Y-111.8867
G1 X187.8056 Y-112.0737
G1 X187.8035 Y-112.2609
G1 X187.8025 Y-112.4481
G1 X187.8023 Y-112.6355
G1 X187.8043 Y-113.0112
G1 X187.8066 Y-113.1994
G1 X187.8137 Y-113.5771
G1 X187.8185 Y-113.7666
G1 X187.8241 Y-113.9566
G1 X187.8307 Y-114.1471
G1 X187.8381 Y-114.3381
G1 X187.8462 Y-114.5296
G1 X187.8551 Y-114.7219
G1 X187.8650 Y-114.9149
G1 X187.8757 Y-115.1087
G1 X187.8874 Y-115.3030
G1 X187.8998 Y-115.4984
G1 X187.9130 Y-115.6947
G1 X187.9270 Y-115.8916
G1 X187.9420 Y-116.0897
G1 X187.9577 Y-116.2886
G1 X187.9742 Y-116.4885
G1 X187.9917 Y-116.6896
G1 X188.0100 Y-116.8918
G1 X188.0492 Y-117.2995
G1 X188.0700 Y-117.5052
G1 X188.0918 Y-117.7122
G1 X188.1144 Y-117.9205
G1 X188.1378 Y-118.1303
G1 X188.1619 Y-118.3414
G1 X188.1871 Y-118.5537
G1 X188.2130 Y-118.7679
G1 X188.2399 Y-118.9833
G1 X188.2676 Y-119.2004
G1 X188.2960 Y-119.4191
G1 X188.3283 Y-119.6551
G1 X188.3585 Y-119.8580
G1 X188.3867 Y-120.0282
G1 X188.4129 Y-120.1666
G1 X188.4375 Y-120.2733
G1 X188.4606 Y-120.3488
G1 X188.4822 Y-120.3937
G1 X188.5023 Y-120.4087
; Retract
G1 Z3.0400 F2540

; Path 19
; Rapid to initial position
G1 X188.5185 Y-119.9307 F2540
G1 Z0.5000
; plunge
G1 Z-2.6750 F127
; cut
G1 X188.5155 Y-119.9297 F1016
G1 X188.5127 Y-119.9253
G1 X188.5025 Y-119.8692
G1 X188.4924 Y-119.8057
G1 X188.4695 Y-119.6490
G1 X188.4439 Y-119.4575
G1 X188.4009 Y-119.1146
G1 X188.3547 Y-118.7188
G1 X188.3065 Y-118.2855
G1 X188.2579 Y-117.8306
G1 X188.2110 Y-117.3693
G1 X188.1670 Y-116.9175
G1 X188.1403 Y-116.6292
G1 X188.1162 Y-116.3564
G1 X188.1053 Y-116.2274
G1 X188.0862 Y-115.9871
G1 X188.0779 Y-115.8766
G1 X188.0598 Y-115.6203
G1 X188.0431 Y-115.3683
G1 X188.0276 Y-115.1207
G1 X188.0133 Y-114.8768
G1 X188.0004 Y-114.6368
G1 X187.9834 Y-114.2830
G1 X187.9737 Y-114.0511
G1 X187.9615 Y-113.7082
G1 X187.9549 Y-113.4829
G1 X187.9496 Y-113.2594
G1 X187.9443 Y-112.9276
G1 X187.9415 Y-112.5992
G1 X187.9415 Y-112.3815
G1 X187.9427 Y-112.1649
G1 X187.9450 Y-111.9485
G1 X187.9488 Y-111.7326
G1 X187.9539 Y-111.5164
G1 X187.9603 Y-111.3000
G1 X187.9724 Y-110.9746
G1 X187.9821 Y-110.7564
G1 X187.9989 Y-110.4270
G1 X188.0118 Y-110.2053
G1 X188.0260 Y-109.9817
G1 X188.0499 Y-109.6427
G1 X188.0674 Y-109.4133
G1 X188.0964 Y-109.0640
G1 X188.1172 Y-108.8273
G1 X188.1393 Y-108.5873
G1 X188.1607 Y-108.3666
G1 X188.1830 Y-108.1466
G1 X188.2061 Y-107.9269
G1 X188.2303 Y-107.7074
G1 X188.2554 Y-107.4885
G1 X188.2816 Y-107.2698
G1 X188.3085 Y-107.0516
G1 X188.3364 Y-106.8337
G1 X188.3654 Y-106.6162
G1 X188.3951 Y-106.3991
G1 X188.4258 Y-106.1822
G1 X188.4576 Y-105.9658
G1 X188.4901 Y-105.7499
G1 X188.5239 Y-105.5342
G1 X188.5584 Y-105.3188
G1 X188.5937 Y-105.1039
G1 X188.6303 Y-104.8896
G1 X188.6676 Y-104.6752
G1 X188.7060 Y-104.4613
G1 X188.7454 Y-104.2480
G1 X188.7855 Y-104.0348
G1 X188.8266 Y-103.8222
G1 X188.8688 Y-103.6096
G1 X188.9117 Y-103.3978
G1 X188.9559 Y-103.1862
G1 X189.0009 Y-102.9749
G1 X189.0469 Y-102.7638
G1 X189.0936 Y-102.5533
G1 X189.1414 Y-102.3432
G1 X189.1901 Y-102.1331
G1 X189.2399 Y-101.9239
G1 X189.2907 Y-101.7146
G1 X189.3423 Y-101.5058
G1 X189.3948 Y-101.2972
G1 X189.4484 Y-101.0892
G1 X189.5028 Y-100.8814
G1 X189.5582 Y-100.6742
G1 X189.6146 Y-100.4672
G1 X189.6720 Y-100.2604
G1 X189.7304 Y-100.0542
G1 X189.7896 Y-99.8482
G1 X189.8498 Y-99.6424
G1 X189.9110 Y-99.4372
G1 X189.9729 Y-99.2322
G1 X190.0362 Y-99.0275
G1 X190.1002 Y-98.8233
G1 X190.1652 Y-98.6193
G1 X190.2310 Y-98.4159
G1 X190.2981 Y-98.2127
G1 X190.3659 Y-98.0097
G1 X190.4347 Y-97.8070
G1 X190.5043 Y-97.6048
G1 X190.5752 Y-97.4029
G1 X190.6468 Y-97.2015
G1 X190.7195 Y-97.0003
G1 X190.7931 Y-96.7994
G1 X190.8675 Y-96.5987
G1 X190.9432 Y-96.3986
G1 X191.0197 Y-96.1987
G1 X191.0972 Y-95.9990
G1 X191.1756 Y-95.7999
G1 X191.2549 Y-95.6010
G1 X191.3352 Y-95.4024
G1 X191.4164 Y-95.2043
G1 X191.4987 Y-95.0064
G1 X191.5820 Y-94.8088
G1 X191.6661 Y-94.6117
G1 X191.7512 Y-94.4146
G1 X191.8373 Y-94.2183
G1 X191.9244 Y-94.0219
G1 X192.0126 Y-93.8258
G1 X192.1015 Y-93.6302
G1 X192.1914 Y-93.4349
G1 X192.2823 Y-93.2401
G1 X192.3743 Y-93.0455
G1 X192.4672 Y-92.8510
G1 X192.5610 Y-92.6572
G1 X192.6557 Y-92.4634
G1 X192.7515 Y-92.2701
G1 X192.8482 Y-92.0770
G1 X192.9460 Y-91.8842
G1 X193.0446 Y-91.6917
G1 X193.1444 Y-91.4997
G1 X193.2450 Y-91.3079
G1 X193.3463 Y-91.1164
G1 X193.4489 Y-90.9251
G1 X193.5526 Y-90.7344
G1 X193.6570 Y-90.5439
G1 X193.7624 Y-90.3536
G1 X193.8688 Y-90.1637
G1 X193.9762 Y-89.9742
G1 X194.0844 Y-89.7847
G1 X194.1939 Y-89.5957
G1 X194.3042 Y-89.4070
G1 X194.4154 Y-89.2185
G1 X194.5277 Y-89.0306
G1 X194.6410 Y-88.8428
G1 X194.7550 Y-88.6551
G1 X194.8703 Y-88.4682
G1 X194.9864 Y-88.2813
G1 X195.1035 Y-88.0946
G1 X195.2216 Y-87.9084
G1 X195.3407 Y-87.7225
G1 X195.4606 Y-87.5368
G1 X195.5818 Y-87.3514
G1 X195.7037 Y-87.1662
G1 X195.8266 Y-86.9813
G1 X195.9506 Y-86.7969
G1 X196.0756 Y-86.6127
G1 X196.2015 Y-86.4288
G1 X196.3283 Y-86.2452
G1 X196.4560 Y-86.0618
G1 X196.5851 Y-85.8787
G1 X196.7149 Y-85.6960
G1 X196.8457 Y-85.5137
G1 X196.9773 Y-85.3313
G1 X197.1101 Y-85.1494
G1 X197.2437 Y-84.9678
G1 X197.3786 Y-84.7865
G1 X197.5142 Y-84.6056
G1 X197.6509 Y-84.4248
G1 X197.7885 Y-84.2444
G1 X197.9270 Y-84.0641
G1 X198.0667 Y-83.8843
G1 X198.2074 Y-83.7047
G1 X198.3489 Y-83.5254
G1 X198.4913 Y-83.3463
G1 X198.6349 Y-83.1675
G1 X198.8188 Y-82.9407
G1 X199.0976 Y-82.6016
G1 X199.2856 Y-82.3765
G1 X199.4751 Y-82.1520
G1 X199.6664 Y-81.9282
G1 X199.8589 Y-81.7052
G1 X199.9559 Y-81.5937
G1 X200.2493 Y-81.2607
G1 X200.4469 Y-81.0395
G1 X200.6463 Y-80.8190
G1 X200.7464 Y-80.7090
G1 X201.0496 Y-80.3796
G1 X201.3567 Y-80.0517
G1 X201.5635 Y-79.8337
G1 X201.7720 Y-79.6166
G1 X201.9823 Y-79.3996
G1 X202.0880 Y-79.2914
G1 X202.3008 Y-79.0755
G1 X202.6234 Y-78.7527
G1 X202.7316 Y-78.6455
G1 X202.9498 Y-78.4311
G1 X203.0593 Y-78.3242
G1 X203.2800 Y-78.1108
G1 X203.3910 Y-78.0042
G1 X203.5025 Y-77.8977
G1 X203.7268 Y-77.6854
G1 X203.8396 Y-77.5792
G1 X204.0664 Y-77.3676
G1 X204.2952 Y-77.1563
G1 X204.5259 Y-76.9455
G1 X204.7580 Y-76.7352
G1 X204.9925 Y-76.5254
G1 X205.2284 Y-76.3161
G1 X205.3471 Y-76.2114
G1 X205.5861 Y-76.0029
G1 X205.8266 Y-75.7946
G1 X206.0692 Y-75.5866
G1 X206.3138 Y-75.3793
G1 X206.4367 Y-75.2757
G1 X206.8083 Y-74.9656
G1 X207.0585 Y-74.7593
G1 X207.3107 Y-74.5536
G1 X207.4375 Y-74.4507
G1 X207.6925 Y-74.2455
G1 X207.8208 Y-74.1429
G1 X208.0786 Y-73.9381
G1 X208.4692 Y-73.6318
G1 X208.7321 Y-73.4278
G1 X208.8642 Y-73.3260
G1 X209.1301 Y-73.1228
G1 X209.3981 Y-72.9196
G1 X209.6679 Y-72.7169
G1 X209.9396 Y-72.5145
G1 X210.3514 Y-72.2112
G1 X210.6282 Y-72.0095
G1 X210.9071 Y-71.8081
G1 X211.3295 Y-71.5063
G1 X211.7565 Y-71.2053
G1 X212.0438 Y-71.0049
G1 X212.3333 Y-70.8045
G1 X212.6247 Y-70.6046
G1 X212.9183 Y-70.4050
G1 X213.2139 Y-70.2053
G1 X213.5119 Y-70.0060
G1 X213.8119 Y-69.8068
G1 X214.2203 Y-69.5383
G1 X214.5744 Y-69.3087
G1 X214.6811 Y-69.2401
G1 X214.8733 Y-69.1180
G1 X214.9577 Y-69.0649
G1 X215.0994 Y-68.9773
G1 X215.1553 Y-68.9435
G1 X215.2005 Y-68.9171
G1 X215.2340 Y-68.8983
G1 X215.2556 Y-68.8873
G1 X215.2645 Y-68.8853
G1 X215.2645 Y-68.8853
G1 X215.2269 Y-68.9618
G1 X214.7148 Y-69.9554
G1 X213.2053 Y-72.8624
G1 X206.1144 Y-86.4720
G1 X194.1535 Y-109.3777
G1 X190.5841 Y-116.1783
G1 X189.6217 Y-117.9914
G1 X188.9582 Y-119.2162
G1 X188.7662 Y-119.5575
G1 X188.6321 Y-119.7834
G1 X188.5648 Y-119.8847
G1 X188.5338 Y-119.9218
G1 X188.5218 Y-119.9299
G1 X188.5185 Y-119.9307
; Retract
G1 Z3.0400 F2540
M2
